,is_canceled,lead_time,arrival_date_year,arrival_date_week_number,arrival_date_day_of_month,stays_in_weekend_nights,stays_in_week_nights,adults,children,babies,is_repeated_guest,previous_cancellations,previous_bookings_not_canceled,booking_changes,agent,days_in_waiting_list,adr,required_car_parking_spaces,total_of_special_requests,res_room_typeR,assn_room_typeR,cust_typeR,res_statusR,hotelR,arrival_date_monthR,mealR,deposit_typeR,market_segmentR,dist_channelR,countryR
17,1.0,123.0,2015.0,29.0,18.0,2.0,2.0,2.0,0.0,1.0,0.0,0.0,0.0,1.0,240.0,0.0,157.0,0.0,2.0,4,4.0,2,1,1,6.0,0,0,0,0,1
65,0.0,123.0,2015.0,30.0,19.0,2.0,4.0,2.0,0.0,1.0,0.0,0.0,0.0,2.0,240.0,0.0,130.5,0.0,1.0,4,4.0,2,0,1,6.0,0,0,0,0,2
70,0.0,79.0,2015.0,30.0,20.0,1.0,3.0,2.0,0.0,1.0,0.0,0.0,0.0,0.0,240.0,0.0,115.0,0.0,3.0,0,2.0,2,0,1,6.0,0,0,0,0,1
86,0.0,82.0,2015.0,30.0,20.0,2.0,5.0,2.0,0.0,1.0,0.0,0.0,0.0,0.0,240.0,0.0,152.43,0.0,3.0,0,0.0,2,0,1,6.0,1,0,0,0,1
389,1.0,131.0,2015.0,32.0,3.0,2.0,5.0,2.0,0.0,1.0,0.0,0.0,0.0,1.0,177.0,0.0,119.7,0.0,1.0,0,0.0,2,1,1,7.0,1,0,1,0,1
419,0.0,84.0,2015.0,32.0,5.0,2.0,5.0,2.0,0.0,1.0,0.0,0.0,0.0,1.0,240.0,0.0,168.71,0.0,3.0,0,0.0,2,0,1,7.0,1,0,0,0,1
451,0.0,116.0,2015.0,32.0,7.0,2.0,5.0,2.0,1.0,1.0,0.0,0.0,0.0,0.0,5.0,0.0,133.5,1.0,2.0,2,2.0,2,0,1,7.0,0,0,1,0,1
475,0.0,126.0,2015.0,32.0,8.0,2.0,5.0,2.0,0.0,1.0,0.0,0.0,0.0,0.0,261.0,0.0,133.0,1.0,2.0,0,0.0,2,0,1,7.0,1,0,1,0,1
498,0.0,81.0,2015.0,33.0,9.0,2.0,4.0,2.0,1.0,1.0,0.0,0.0,0.0,0.0,250.0,0.0,277.0,1.0,1.0,2,2.0,2,0,1,7.0,3,0,3,1,2
524,1.0,101.0,2015.0,33.0,10.0,2.0,5.0,2.0,0.0,1.0,0.0,0.0,0.0,0.0,240.0,0.0,196.0,0.0,2.0,4,4.0,2,1,1,7.0,1,0,0,0,1
581,0.0,47.0,2015.0,33.0,13.0,0.0,3.0,2.0,1.0,1.0,0.0,0.0,0.0,0.0,242.0,0.0,255.0,0.0,2.0,2,2.0,2,0,1,7.0,1,0,0,0,2
590,0.0,19.0,2015.0,33.0,13.0,2.0,3.0,2.0,0.0,1.0,0.0,0.0,0.0,0.0,242.0,0.0,243.0,0.0,2.0,3,3.0,2,0,1,7.0,1,0,0,0,1
623,1.0,80.0,2015.0,33.0,15.0,2.0,3.0,2.0,0.0,1.0,0.0,0.0,0.0,1.0,240.0,0.0,208.0,0.0,3.0,4,4.0,2,1,1,7.0,1,0,0,0,1
694,1.0,93.0,2015.0,34.0,17.0,3.0,5.0,2.0,0.0,1.0,0.0,0.0,0.0,0.0,240.0,0.0,134.0,0.0,2.0,0,0.0,2,1,1,7.0,0,0,0,0,1
746,1.0,95.0,2015.0,34.0,21.0,1.0,2.0,1.0,0.0,1.0,0.0,0.0,0.0,0.0,240.0,0.0,125.0,0.0,1.0,0,0.0,2,1,1,7.0,0,0,0,0,1
839,1.0,70.0,2015.0,35.0,24.0,2.0,5.0,2.0,1.0,1.0,0.0,0.0,0.0,1.0,196.0,0.0,197.7,0.0,1.0,2,2.0,2,1,1,7.0,3,0,1,0,1
844,1.0,50.0,2015.0,35.0,25.0,0.0,5.0,2.0,0.0,1.0,0.0,0.0,0.0,1.0,240.0,0.0,200.8,0.0,2.0,0,0.0,2,1,1,7.0,1,0,0,0,1
870,1.0,57.0,2015.0,35.0,27.0,0.0,3.0,2.0,0.0,1.0,0.0,0.0,0.0,1.0,240.0,0.0,157.67,0.0,3.0,0,0.0,2,1,1,7.0,1,0,0,0,1
871,1.0,57.0,2015.0,35.0,27.0,1.0,3.0,2.0,0.0,1.0,0.0,0.0,0.0,0.0,134.0,0.0,133.0,0.0,1.0,0,0.0,2,1,1,7.0,1,0,1,0,1
875,1.0,57.0,2015.0,35.0,27.0,1.0,3.0,2.0,0.0,1.0,0.0,0.0,0.0,0.0,15.0,0.0,133.0,0.0,1.0,0,0.0,2,1,1,7.0,1,0,1,0,1
909,0.0,34.0,2015.0,35.0,28.0,0.0,2.0,2.0,0.0,1.0,0.0,0.0,0.0,0.0,240.0,0.0,120.6,0.0,3.0,0,0.0,2,0,1,7.0,0,0,0,0,1
946,0.0,11.0,2015.0,36.0,30.0,2.0,0.0,2.0,0.0,1.0,0.0,0.0,0.0,1.0,240.0,0.0,103.5,1.0,4.0,0,0.0,2,0,1,7.0,0,0,0,0,1
975,0.0,28.0,2015.0,36.0,31.0,1.0,2.0,2.0,0.0,1.0,0.0,0.0,0.0,0.0,240.0,0.0,98.0,0.0,2.0,0,0.0,2,0,1,7.0,0,0,0,0,2
985,1.0,38.0,2015.0,36.0,1.0,0.0,2.0,2.0,1.0,1.0,0.0,0.0,0.0,0.0,250.0,0.0,123.0,0.0,0.0,2,2.0,2,1,1,8.0,0,0,3,1,1
1118,1.0,26.0,2015.0,37.0,6.0,2.0,3.0,2.0,0.0,1.0,0.0,0.0,0.0,0.0,242.0,0.0,198.0,0.0,2.0,5,5.0,2,1,1,8.0,0,0,0,0,1
1133,0.0,69.0,2015.0,37.0,6.0,2.0,5.0,2.0,0.0,1.0,0.0,0.0,0.0,1.0,240.0,0.0,113.0,1.0,3.0,3,6.0,2,0,1,8.0,0,0,0,0,1
1149,0.0,2.0,2015.0,37.0,7.0,1.0,4.0,2.0,0.0,1.0,0.0,0.0,0.0,2.0,240.0,0.0,188.0,0.0,2.0,0,0.0,2,0,1,8.0,1,0,0,0,1
1188,1.0,159.0,2015.0,37.0,9.0,2.0,7.0,2.0,0.0,1.0,0.0,0.0,0.0,1.0,240.0,0.0,82.0,0.0,2.0,0,0.0,3,1,1,8.0,0,0,0,0,1
1208,0.0,12.0,2015.0,37.0,10.0,0.0,2.0,2.0,0.0,1.0,0.0,0.0,0.0,0.0,241.0,0.0,75.46,0.0,2.0,0,0.0,2,0,1,8.0,0,0,0,0,2
1273,0.0,83.0,2015.0,38.0,13.0,4.0,8.0,2.0,0.0,1.0,0.0,0.0,0.0,0.0,250.0,0.0,105.0,0.0,1.0,4,4.0,2,0,1,8.0,0,0,3,1,1
1365,0.0,71.0,2015.0,38.0,18.0,2.0,3.0,2.0,0.0,1.0,0.0,0.0,0.0,1.0,196.0,0.0,99.5,0.0,2.0,3,3.0,2,0,1,8.0,1,0,1,0,2
1576,0.0,51.0,2015.0,40.0,30.0,2.0,4.0,2.0,0.0,1.0,0.0,0.0,0.0,0.0,240.0,0.0,100.33,1.0,2.0,3,4.0,2,0,1,8.0,1,0,0,0,1
1707,0.0,14.0,2015.0,41.0,5.0,2.0,5.0,2.0,0.0,1.0,0.0,0.0,0.0,1.0,241.0,0.0,83.6,0.0,2.0,2,2.0,2,0,1,9.0,0,0,0,0,0
1790,0.0,77.0,2015.0,41.0,9.0,0.0,2.0,2.0,0.0,1.0,0.0,0.0,0.0,0.0,250.0,0.0,56.0,1.0,2.0,0,0.0,0,0,1,9.0,0,0,3,1,1
2251,0.0,13.0,2015.0,44.0,30.0,0.0,2.0,2.0,0.0,1.0,0.0,0.0,0.0,1.0,240.0,0.0,76.0,0.0,3.0,4,4.0,2,0,1,9.0,0,0,0,0,1
2349,0.0,20.0,2015.0,45.0,2.0,2.0,5.0,2.0,0.0,1.0,0.0,0.0,0.0,0.0,69.0,0.0,29.0,0.0,1.0,0,3.0,2,0,1,10.0,0,0,1,0,2
2350,0.0,20.0,2015.0,45.0,2.0,2.0,5.0,2.0,0.0,1.0,0.0,0.0,0.0,0.0,69.0,0.0,29.0,0.0,1.0,0,3.0,2,0,1,10.0,0,0,1,0,2
2421,0.0,25.0,2015.0,45.0,7.0,0.0,1.0,2.0,0.0,1.0,0.0,0.0,0.0,0.0,321.0,0.0,30.0,1.0,1.0,0,4.0,2,0,1,10.0,0,0,1,0,1
2423,1.0,30.0,2015.0,45.0,7.0,0.0,1.0,2.0,0.0,1.0,0.0,0.0,0.0,0.0,6.0,0.0,40.5,0.0,0.0,4,4.0,2,1,1,10.0,0,0,1,0,1
2426,1.0,30.0,2015.0,45.0,7.0,0.0,1.0,2.0,0.0,1.0,0.0,0.0,0.0,0.0,15.0,0.0,40.5,0.0,0.0,4,4.0,2,1,1,10.0,0,0,1,0,1
2596,1.0,80.0,2015.0,47.0,16.0,1.0,3.0,2.0,0.0,1.0,0.0,0.0,0.0,0.0,240.0,0.0,32.4,0.0,3.0,0,0.0,2,1,1,10.0,0,0,0,0,1
2600,0.0,0.0,2015.0,47.0,17.0,0.0,0.0,2.0,0.0,1.0,0.0,0.0,0.0,0.0,321.0,0.0,0.0,1.0,1.0,0,4.0,2,0,1,10.0,0,0,1,0,1
2705,0.0,44.0,2015.0,47.0,21.0,0.0,1.0,2.0,0.0,1.0,0.0,0.0,0.0,1.0,240.0,0.0,73.5,1.0,3.0,0,4.0,2,0,1,10.0,1,0,0,0,1
2810,1.0,54.0,2015.0,49.0,5.0,1.0,1.0,2.0,0.0,1.0,0.0,0.0,0.0,1.0,250.0,0.0,39.1,0.0,1.0,3,3.0,2,1,1,11.0,0,0,3,1,1
3002,1.0,113.0,2015.0,51.0,19.0,2.0,2.0,2.0,0.0,1.0,0.0,0.0,0.0,1.0,240.0,0.0,66.0,0.0,1.0,0,0.0,2,1,1,11.0,0,0,0,0,1
3070,0.0,155.0,2015.0,52.0,24.0,0.0,3.0,2.0,0.0,1.0,0.0,0.0,0.0,0.0,250.0,0.0,47.6,0.0,3.0,2,2.0,3,0,1,11.0,0,0,3,1,0
3113,0.0,93.0,2015.0,52.0,26.0,2.0,3.0,2.0,0.0,1.0,0.0,0.0,0.0,1.0,240.0,0.0,48.42,0.0,1.0,0,0.0,2,0,1,11.0,0,0,0,0,1
3358,1.0,185.0,2016.0,5.0,28.0,2.0,3.0,2.0,0.0,1.0,0.0,0.0,0.0,0.0,240.0,0.0,32.4,0.0,3.0,0,0.0,2,1,1,0.0,0,0,0,0,1
4139,1.0,63.0,2016.0,13.0,24.0,1.0,3.0,2.0,0.0,1.0,0.0,0.0,0.0,1.0,240.0,0.0,74.0,0.0,2.0,3,3.0,2,1,1,2.0,0,0,0,0,1
4487,1.0,52.0,2016.0,16.0,11.0,1.0,3.0,2.0,0.0,1.0,0.0,0.0,0.0,0.0,240.0,0.0,120.0,0.0,0.0,4,4.0,2,1,1,3.0,1,0,0,0,1
4689,1.0,56.0,2016.0,17.0,19.0,2.0,7.0,2.0,2.0,1.0,0.0,0.0,0.0,1.0,240.0,0.0,118.0,0.0,0.0,6,6.0,2,1,1,3.0,0,0,0,0,1
4936,1.0,116.0,2016.0,18.0,29.0,1.0,2.0,2.0,0.0,1.0,0.0,0.0,0.0,0.0,240.0,0.0,120.33,0.0,2.0,4,4.0,2,1,1,3.0,1,0,0,0,1
5020,0.0,171.0,2016.0,18.0,30.0,2.0,5.0,2.0,0.0,1.0,0.0,0.0,0.0,0.0,40.0,0.0,63.4,0.0,1.0,0,0.0,0,0,1,3.0,1,0,1,0,0
5139,1.0,95.0,2016.0,19.0,7.0,2.0,1.0,2.0,0.0,1.0,0.0,0.0,0.0,0.0,240.0,0.0,58.0,0.0,3.0,0,0.0,2,1,1,4.0,0,0,0,0,1
5284,1.0,117.0,2016.0,20.0,14.0,2.0,5.0,2.0,0.0,1.0,0.0,0.0,0.0,0.0,240.0,0.0,73.0,0.0,2.0,3,3.0,2,1,1,4.0,0,0,0,0,1
5368,1.0,117.0,2016.0,21.0,15.0,2.0,5.0,2.0,0.0,1.0,0.0,0.0,0.0,0.0,240.0,0.0,73.0,0.0,3.0,3,3.0,2,1,1,4.0,0,0,0,0,1
5553,1.0,201.0,2016.0,22.0,23.0,3.0,7.0,2.0,0.0,1.0,0.0,0.0,0.0,1.0,250.0,0.0,63.92,0.0,1.0,3,3.0,2,1,1,4.0,0,0,3,1,1
5660,0.0,264.0,2016.0,22.0,26.0,2.0,5.0,2.0,0.0,1.0,0.0,0.0,0.0,0.0,156.0,0.0,87.46,0.0,3.0,4,4.0,3,0,1,4.0,0,0,1,0,0
5875,1.0,35.0,2016.0,24.0,6.0,1.0,4.0,2.0,0.0,1.0,0.0,0.0,0.0,1.0,250.0,0.0,117.0,0.0,1.0,0,0.0,2,1,1,5.0,0,0,3,1,1
5878,1.0,94.0,2016.0,24.0,6.0,1.0,5.0,1.0,0.0,1.0,0.0,0.0,0.0,1.0,250.0,0.0,99.9,0.0,0.0,0,0.0,2,1,1,5.0,0,0,3,1,2
5982,1.0,149.0,2016.0,25.0,12.0,2.0,5.0,2.0,0.0,1.0,0.0,0.0,0.0,0.0,240.0,0.0,108.9,0.0,2.0,3,3.0,2,1,1,5.0,0,0,0,0,1
6111,1.0,167.0,2016.0,26.0,20.0,1.0,3.0,2.0,0.0,1.0,0.0,0.0,0.0,0.0,240.0,0.0,72.0,0.0,3.0,0,0.0,2,1,1,5.0,0,0,0,0,1
6219,1.0,116.0,2016.0,27.0,26.0,3.0,5.0,2.0,0.0,2.0,0.0,0.0,0.0,0.0,250.0,0.0,145.88,0.0,0.0,2,2.0,2,1,1,5.0,0,0,3,1,1
6270,1.0,178.0,2016.0,27.0,1.0,2.0,5.0,2.0,0.0,1.0,0.0,0.0,0.0,0.0,241.0,0.0,81.0,0.0,1.0,0,0.0,2,1,1,6.0,0,0,0,0,1
6307,1.0,152.0,2016.0,28.0,3.0,2.0,5.0,2.0,0.0,1.0,0.0,0.0,0.0,0.0,15.0,0.0,121.6,0.0,1.0,3,3.0,2,1,1,6.0,3,0,1,0,1
6309,1.0,265.0,2016.0,28.0,3.0,2.0,5.0,2.0,0.0,1.0,0.0,0.0,0.0,2.0,240.0,0.0,81.0,0.0,2.0,0,0.0,2,1,1,6.0,0,0,0,0,1
6314,1.0,265.0,2016.0,28.0,3.0,2.0,5.0,2.0,0.0,1.0,0.0,0.0,0.0,3.0,240.0,0.0,81.0,0.0,2.0,0,0.0,2,1,1,6.0,0,0,0,0,1
6347,1.0,34.0,2016.0,28.0,6.0,0.0,2.0,2.0,0.0,1.0,0.0,0.0,0.0,1.0,240.0,0.0,222.0,0.0,2.0,4,4.0,2,1,1,6.0,1,0,0,0,2
6418,1.0,126.0,2016.0,29.0,11.0,2.0,5.0,2.0,0.0,1.0,0.0,0.0,0.0,1.0,240.0,0.0,151.43,0.0,2.0,0,0.0,2,1,1,6.0,0,0,0,0,2
6486,1.0,66.0,2016.0,29.0,15.0,2.0,4.0,2.0,0.0,1.0,0.0,0.0,0.0,1.0,240.0,0.0,192.0,0.0,1.0,0,0.0,2,1,1,6.0,1,0,0,0,2
6491,1.0,143.0,2016.0,29.0,15.0,2.0,7.0,2.0,2.0,1.0,0.0,0.0,0.0,0.0,240.0,0.0,12.0,0.0,0.0,6,6.0,2,1,1,6.0,0,0,0,0,1
18,1.0,126.0,2016.0,29.0,11.0,2.0,5.0,2.0,0.0,1.0,0.0,0.0,0.0,1.0,240.0,0.0,151.43,0.0,2.0,0,0.0,2,1,1,6.0,0,0,0,0,2
86,1.0,66.0,2016.0,29.0,15.0,2.0,4.0,2.0,0.0,1.0,0.0,0.0,0.0,1.0,240.0,0.0,192.0,0.0,1.0,0,0.0,2,1,1,6.0,1,0,0,0,2
91,1.0,143.0,2016.0,29.0,15.0,2.0,7.0,2.0,2.0,1.0,0.0,0.0,0.0,0.0,240.0,0.0,12.0,0.0,0.0,6,6.0,2,1,1,6.0,0,0,0,0,1
128,1.0,137.0,2016.0,30.0,17.0,2.0,3.0,2.0,0.0,1.0,0.0,0.0,0.0,0.0,250.0,0.0,250.0,0.0,0.0,2,2.0,2,1,1,6.0,4,0,3,1,1
156,1.0,224.0,2016.0,30.0,18.0,1.0,4.0,2.0,1.0,1.0,0.0,0.0,0.0,0.0,242.0,0.0,187.2,0.0,2.0,2,2.0,2,1,1,6.0,1,0,0,0,1
228,1.0,51.0,2016.0,30.0,23.0,2.0,4.0,2.0,0.0,1.0,0.0,0.0,0.0,1.0,240.0,0.0,226.0,0.0,1.0,3,3.0,2,1,1,6.0,1,0,0,0,2
273,1.0,262.0,2016.0,31.0,25.0,1.0,4.0,2.0,0.0,1.0,0.0,0.0,0.0,3.0,240.0,0.0,8.0,0.0,2.0,0,2.0,2,1,1,6.0,0,0,0,0,1
290,1.0,110.0,2016.0,31.0,26.0,0.0,2.0,2.0,0.0,1.0,0.0,0.0,0.0,1.0,240.0,0.0,180.0,0.0,0.0,3,3.0,2,1,1,6.0,0,0,0,0,2
332,1.0,191.0,2016.0,31.0,29.0,2.0,5.0,2.0,0.0,1.0,0.0,0.0,0.0,0.0,240.0,0.0,140.0,0.0,1.0,0,0.0,2,1,1,6.0,0,0,0,0,1
351,1.0,142.0,2016.0,31.0,30.0,2.0,6.0,2.0,1.0,1.0,0.0,0.0,0.0,1.0,250.0,0.0,292.0,0.0,0.0,2,2.0,2,1,1,6.0,3,0,3,1,1
363,1.0,16.0,2016.0,32.0,31.0,2.0,5.0,2.0,0.0,1.0,0.0,0.0,0.0,1.0,250.0,0.0,253.57,0.0,2.0,2,2.0,2,1,1,6.0,0,0,3,1,2
384,1.0,167.0,2016.0,32.0,1.0,1.0,5.0,2.0,0.0,1.0,0.0,0.0,0.0,0.0,240.0,0.0,192.0,0.0,0.0,0,0.0,2,1,1,7.0,1,0,0,0,1
403,1.0,127.0,2016.0,32.0,1.0,5.0,14.0,2.0,0.0,1.0,0.0,0.0,0.0,1.0,240.0,0.0,191.0,0.0,1.0,0,0.0,2,1,1,7.0,0,0,0,0,2
415,1.0,36.0,2016.0,32.0,2.0,0.0,4.0,2.0,0.0,1.0,0.0,0.0,0.0,1.0,250.0,0.0,244.5,0.0,0.0,2,2.0,2,1,1,7.0,0,0,3,1,1
441,1.0,157.0,2016.0,32.0,4.0,2.0,3.0,2.0,0.0,1.0,0.0,0.0,0.0,0.0,240.0,0.0,230.0,0.0,1.0,3,3.0,2,1,1,7.0,1,0,0,0,1
473,1.0,33.0,2016.0,32.0,6.0,2.0,2.0,2.0,0.0,1.0,0.0,0.0,0.0,1.0,240.0,0.0,209.0,0.0,1.0,0,0.0,2,1,1,7.0,0,0,0,0,2
513,1.0,236.0,2016.0,33.0,8.0,1.0,3.0,2.0,0.0,1.0,0.0,0.0,0.0,1.0,240.0,0.0,138.0,0.0,2.0,0,0.0,2,1,1,7.0,0,0,0,0,1
656,1.0,85.0,2016.0,34.0,14.0,4.0,10.0,2.0,0.0,1.0,0.0,0.0,0.0,1.0,250.0,0.0,217.14,0.0,1.0,2,2.0,3,1,1,7.0,0,0,3,1,0
698,1.0,10.0,2016.0,34.0,16.0,0.0,2.0,2.0,0.0,1.0,0.0,0.0,0.0,1.0,240.0,0.0,229.0,0.0,3.0,3,3.0,2,1,1,7.0,0,0,0,0,2
790,1.0,131.0,2016.0,34.0,20.0,2.0,6.0,2.0,0.0,1.0,0.0,0.0,0.0,0.0,15.0,0.0,143.2,0.0,0.0,0,0.0,2,1,1,7.0,0,0,0,0,1
819,1.0,223.0,2016.0,35.0,22.0,1.0,4.0,2.0,0.0,1.0,0.0,0.0,0.0,0.0,240.0,0.0,126.0,0.0,2.0,0,0.0,2,1,1,7.0,0,0,0,0,1
828,1.0,144.0,2016.0,35.0,22.0,2.0,5.0,2.0,0.0,1.0,0.0,0.0,0.0,1.0,240.0,0.0,200.57,0.0,0.0,0,0.0,2,1,1,7.0,1,0,0,0,1
962,1.0,187.0,2016.0,36.0,30.0,1.0,5.0,2.0,0.0,1.0,0.0,0.0,0.0,0.0,240.0,0.0,149.33,0.0,2.0,3,3.0,2,1,1,7.0,0,0,0,0,1
984,1.0,41.0,2016.0,36.0,1.0,1.0,3.0,2.0,0.0,1.0,0.0,0.0,0.0,1.0,240.0,0.0,234.0,0.0,3.0,6,6.0,2,1,1,8.0,0,0,0,0,0
987,1.0,144.0,2016.0,36.0,1.0,2.0,4.0,2.0,0.0,1.0,0.0,0.0,0.0,1.0,240.0,0.0,151.0,0.0,1.0,0,0.0,2,1,1,8.0,0,0,0,0,2
996,1.0,345.0,2016.0,36.0,1.0,2.0,7.0,2.0,0.0,2.0,0.0,0.0,0.0,2.0,240.0,0.0,145.0,0.0,1.0,6,6.0,2,1,1,8.0,0,0,0,0,1
1073,0.0,304.0,2016.0,37.0,5.0,3.0,5.0,2.0,0.0,1.0,0.0,0.0,0.0,1.0,240.0,0.0,81.0,0.0,2.0,0,0.0,2,0,1,8.0,0,0,0,0,1
1191,1.0,75.0,2016.0,38.0,11.0,2.0,1.0,2.0,0.0,1.0,0.0,0.0,0.0,1.0,240.0,0.0,117.73,0.0,0.0,0,0.0,2,1,1,8.0,0,0,0,0,2
1192,1.0,75.0,2016.0,38.0,11.0,2.0,1.0,2.0,0.0,1.0,0.0,0.0,0.0,2.0,240.0,0.0,117.73,0.0,0.0,0,0.0,2,1,1,8.0,0,0,0,0,2
1195,1.0,75.0,2016.0,38.0,11.0,2.0,1.0,2.0,1.0,1.0,0.0,0.0,0.0,2.0,240.0,0.0,190.67,0.0,0.0,7,7.0,2,1,1,8.0,0,0,0,0,2
1196,1.0,53.0,2016.0,38.0,11.0,2.0,2.0,2.0,0.0,1.0,0.0,0.0,0.0,1.0,240.0,0.0,159.75,0.0,1.0,0,0.0,2,1,1,8.0,1,0,0,0,1
1222,0.0,422.0,2016.0,38.0,12.0,3.0,7.0,2.0,0.0,1.0,0.0,0.0,0.0,3.0,2.0,0.0,62.9,0.0,2.0,3,3.0,0,0,1,8.0,0,0,1,0,0
1225,1.0,257.0,2016.0,38.0,12.0,1.0,4.0,2.0,1.0,1.0,0.0,0.0,0.0,0.0,240.0,0.0,143.0,0.0,1.0,0,0.0,2,1,1,8.0,0,0,0,0,1
1313,1.0,55.0,2016.0,39.0,18.0,2.0,1.0,2.0,0.0,1.0,0.0,0.0,0.0,2.0,250.0,0.0,102.0,0.0,3.0,0,2.0,2,2,1,8.0,1,0,3,1,1
1322,0.0,342.0,2016.0,39.0,18.0,4.0,10.0,2.0,0.0,1.0,0.0,0.0,0.0,0.0,2.0,0.0,48.75,0.0,1.0,3,3.0,0,0,1,8.0,0,0,1,0,0
1493,1.0,177.0,2016.0,40.0,26.0,1.0,4.0,2.0,0.0,1.0,0.0,0.0,0.0,1.0,240.0,0.0,99.0,0.0,1.0,0,0.0,2,1,1,8.0,0,0,0,0,1
1547,1.0,263.0,2016.0,40.0,28.0,4.0,10.0,2.0,0.0,1.0,0.0,0.0,0.0,1.0,240.0,0.0,71.04,0.0,2.0,3,3.0,2,1,1,8.0,0,0,0,0,1
1583,1.0,24.0,2016.0,40.0,1.0,1.0,1.0,2.0,1.0,1.0,0.0,0.0,0.0,1.0,240.0,0.0,169.0,0.0,3.0,6,6.0,2,1,1,9.0,0,0,0,0,1
2141,1.0,71.0,2016.0,44.0,24.0,2.0,5.0,2.0,1.0,1.0,0.0,0.0,0.0,1.0,250.0,0.0,106.2,0.0,2.0,6,6.0,2,1,1,9.0,0,0,3,1,2
2276,1.0,214.0,2016.0,45.0,31.0,2.0,5.0,2.0,0.0,1.0,0.0,0.0,0.0,0.0,156.0,0.0,32.23,0.0,1.0,0,0.0,2,1,1,9.0,0,0,1,0,1
2695,1.0,105.0,2016.0,51.0,17.0,2.0,6.0,2.0,0.0,1.0,0.0,0.0,0.0,1.0,240.0,0.0,37.8,0.0,1.0,0,0.0,2,1,1,11.0,0,0,0,0,2
2840,1.0,317.0,2016.0,53.0,30.0,0.0,2.0,2.0,0.0,1.0,0.0,0.0,0.0,0.0,8.0,0.0,72.0,0.0,0.0,4,4.0,2,1,1,11.0,0,0,1,0,1
2895,1.0,20.0,2017.0,1.0,2.0,1.0,5.0,2.0,1.0,1.0,0.0,0.0,0.0,1.0,240.0,0.0,88.0,0.0,1.0,6,6.0,2,1,1,0.0,0,0,0,0,2
4276,1.0,225.0,2017.0,17.0,26.0,2.0,5.0,2.0,0.0,1.0,0.0,0.0,0.0,1.0,241.0,0.0,41.58,0.0,2.0,0,0.0,2,1,1,3.0,0,0,0,0,1
4571,1.0,115.0,2017.0,19.0,9.0,2.0,6.0,2.0,0.0,1.0,0.0,0.0,0.0,1.0,240.0,0.0,100.0,0.0,3.0,3,3.0,2,1,1,4.0,0,0,0,0,2
4786,1.0,227.0,2017.0,21.0,25.0,2.0,3.0,2.0,0.0,1.0,0.0,0.0,0.0,0.0,40.0,0.0,50.85,0.0,0.0,3,3.0,0,1,1,4.0,0,0,1,0,1
4790,1.0,351.0,2017.0,21.0,25.0,2.0,5.0,2.0,0.0,1.0,0.0,0.0,0.0,1.0,240.0,0.0,122.0,0.0,2.0,4,4.0,2,1,1,4.0,1,0,0,0,0
5249,1.0,206.0,2017.0,24.0,15.0,2.0,5.0,2.0,0.0,1.0,0.0,0.0,0.0,0.0,243.0,0.0,68.4,0.0,0.0,3,3.0,2,1,1,5.0,0,0,1,0,1
5371,1.0,253.0,2017.0,25.0,21.0,2.0,5.0,2.0,0.0,1.0,0.0,0.0,0.0,1.0,240.0,0.0,107.1,0.0,2.0,4,4.0,2,1,1,5.0,0,0,0,0,2
5521,1.0,178.0,2017.0,26.0,28.0,2.0,8.0,2.0,1.0,1.0,0.0,0.0,0.0,0.0,175.0,0.0,106.56,0.0,0.0,2,2.0,2,1,1,5.0,0,0,0,0,1
5580,1.0,164.0,2017.0,26.0,1.0,2.0,5.0,2.0,1.0,1.0,0.0,0.0,0.0,0.0,175.0,0.0,141.12,0.0,0.0,2,2.0,2,1,1,6.0,1,0,0,0,1
5584,1.0,155.0,2017.0,26.0,1.0,2.0,5.0,2.0,1.0,1.0,0.0,0.0,0.0,0.0,196.0,0.0,146.93,0.0,0.0,2,2.0,2,1,1,6.0,1,0,0,0,1
5965,1.0,347.0,2017.0,29.0,21.0,2.0,4.0,2.0,0.0,1.0,0.0,0.0,0.0,1.0,250.0,0.0,237.34,0.0,3.0,6,6.0,2,1,1,6.0,4,0,3,1,1
6499,1.0,291.0,2017.0,33.0,13.0,4.0,6.0,2.0,0.0,1.0,0.0,0.0,0.0,0.0,40.0,0.0,117.3,0.0,1.0,3,3.0,0,1,1,7.0,0,0,1,0,1
6560,1.0,211.0,2017.0,33.0,16.0,0.0,4.0,2.0,0.0,1.0,0.0,0.0,0.0,1.0,240.0,0.0,153.75,0.0,0.0,0,0.0,2,1,1,7.0,0,0,0,0,2
6696,1.0,202.0,2017.0,34.0,21.0,1.0,4.0,2.0,0.0,1.0,0.0,0.0,0.0,1.0,240.0,0.0,192.0,0.0,2.0,0,0.0,2,1,1,7.0,1,0,0,0,1
7976,1.0,132.0,2015.0,30.0,19.0,2.0,4.0,2.0,0.0,1.0,0.0,1.0,0.0,0.0,240.0,0.0,172.0,0.0,1.0,0,0.0,2,1,1,6.0,0,0,0,0,1
8707,0.0,43.0,2015.0,30.0,21.0,2.0,5.0,2.0,0.0,1.0,0.0,0.0,0.0,1.0,242.0,0.0,157.37,0.0,2.0,4,4.0,2,0,1,6.0,1,0,0,0,2
8901,0.0,33.0,2015.0,31.0,27.0,2.0,5.0,2.0,0.0,1.0,0.0,0.0,0.0,1.0,250.0,0.0,145.0,0.0,1.0,0,0.0,2,0,1,6.0,1,0,3,1,2
8914,0.0,77.0,2015.0,31.0,29.0,1.0,4.0,2.0,1.0,1.0,0.0,0.0,0.0,0.0,241.0,0.0,121.35,0.0,3.0,2,2.0,2,0,1,6.0,0,0,0,0,2
8933,0.0,67.0,2015.0,32.0,2.0,2.0,0.0,2.0,0.0,1.0,0.0,0.0,0.0,1.0,241.0,0.0,137.9,1.0,2.0,3,3.0,2,0,1,7.0,0,0,0,0,2
8934,0.0,67.0,2015.0,32.0,2.0,2.0,0.0,2.0,0.0,1.0,0.0,0.0,0.0,0.0,241.0,0.0,137.9,1.0,1.0,3,3.0,2,0,1,7.0,0,0,0,0,2
8994,0.0,328.0,2015.0,32.0,3.0,1.0,3.0,2.0,0.0,1.0,0.0,0.0,0.0,1.0,240.0,0.0,164.0,0.0,1.0,0,4.0,2,0,1,7.0,0,0,0,0,2
9003,0.0,93.0,2015.0,32.0,2.0,2.0,3.0,2.0,0.0,1.0,0.0,0.0,0.0,0.0,240.0,0.0,134.0,0.0,4.0,0,0.0,2,0,1,7.0,0,0,0,0,1
9037,0.0,12.0,2015.0,32.0,2.0,2.0,5.0,2.0,0.0,1.0,0.0,0.0,0.0,0.0,241.0,0.0,172.63,0.0,2.0,5,6.0,2,0,1,7.0,0,0,0,0,0
9104,0.0,126.0,2015.0,32.0,3.0,2.0,5.0,2.0,0.0,1.0,0.0,0.0,0.0,0.0,177.0,0.0,134.1,0.0,2.0,3,3.0,2,0,1,7.0,1,0,1,0,1
9201,0.0,64.0,2015.0,33.0,11.0,0.0,4.0,2.0,0.0,1.0,0.0,0.0,0.0,0.0,134.0,0.0,133.0,0.0,2.0,0,3.0,2,0,1,7.0,1,0,1,0,1
9202,0.0,130.0,2015.0,32.0,8.0,2.0,5.0,2.0,0.0,1.0,0.0,0.0,0.0,0.0,250.0,0.0,113.9,0.0,1.0,0,0.0,2,0,1,7.0,0,0,3,1,1
9219,0.0,150.0,2015.0,33.0,9.0,2.0,5.0,2.0,1.0,1.0,0.0,0.0,0.0,0.0,171.0,0.0,120.38,0.0,3.0,0,2.0,2,0,1,7.0,0,0,1,0,2
9282,0.0,118.0,2015.0,33.0,10.0,2.0,5.0,2.0,0.0,1.0,0.0,0.0,0.0,0.0,5.0,0.0,142.3,0.0,1.0,0,0.0,2,0,1,7.0,3,0,1,0,1
9308,0.0,2.0,2015.0,34.0,16.0,2.0,1.0,2.0,0.0,1.0,0.0,0.0,0.0,0.0,240.0,0.0,159.33,0.0,3.0,0,2.0,2,0,1,7.0,0,0,0,0,1
9333,0.0,0.0,2015.0,34.0,19.0,0.0,1.0,2.0,0.0,1.0,0.0,0.0,0.0,0.0,240.0,0.0,165.0,0.0,3.0,0,4.0,2,0,1,7.0,0,0,0,0,1
9348,0.0,95.0,2015.0,34.0,16.0,2.0,3.0,2.0,0.0,1.0,0.0,0.0,0.0,0.0,240.0,0.0,166.0,0.0,3.0,0,0.0,2,0,1,7.0,1,0,0,0,1
9416,0.0,66.0,2015.0,34.0,17.0,1.0,5.0,2.0,0.0,1.0,0.0,0.0,0.0,2.0,142.0,0.0,149.2,0.0,1.0,3,3.0,2,0,1,7.0,1,0,1,0,2
9448,0.0,117.0,2015.0,34.0,18.0,2.0,5.0,2.0,0.0,1.0,0.0,0.0,0.0,0.0,5.0,0.0,169.0,0.0,2.0,3,3.0,3,0,1,7.0,3,0,1,0,1
9505,0.0,49.0,2015.0,35.0,25.0,0.0,3.0,2.0,0.0,1.0,0.0,0.0,0.0,0.0,142.0,0.0,177.47,1.0,2.0,4,5.0,2,0,1,7.0,1,0,1,0,2
9575,0.0,35.0,2015.0,35.0,24.0,1.0,5.0,2.0,0.0,1.0,0.0,0.0,0.0,1.0,240.0,0.0,189.33,1.0,3.0,0,0.0,2,0,1,7.0,1,0,0,0,1
9689,0.0,28.0,2015.0,35.0,29.0,2.0,3.0,2.0,0.0,1.0,0.0,0.0,0.0,0.0,250.0,0.0,131.4,1.0,1.0,0,3.0,2,0,1,7.0,1,0,3,1,1
9738,0.0,47.0,2015.0,36.0,30.0,2.0,4.0,2.0,0.0,1.0,0.0,0.0,0.0,0.0,241.0,0.0,100.7,1.0,1.0,3,3.0,2,0,1,7.0,0,0,0,0,0
9909,1.0,259.0,2015.0,38.0,18.0,2.0,5.0,2.0,0.0,1.0,0.0,1.0,0.0,0.0,240.0,0.0,83.0,0.0,1.0,0,0.0,2,1,1,8.0,0,0,0,0,1
10127,0.0,108.0,2015.0,38.0,13.0,4.0,5.0,2.0,1.0,1.0,0.0,0.0,0.0,0.0,240.0,0.0,131.67,0.0,2.0,6,6.0,2,0,1,8.0,0,0,0,0,2
10305,0.0,131.0,2015.0,39.0,23.0,2.0,5.0,2.0,0.0,1.0,0.0,0.0,0.0,1.0,240.0,0.0,99.0,0.0,2.0,4,4.0,2,0,1,8.0,0,0,0,0,2
10414,0.0,1.0,2015.0,41.0,4.0,1.0,0.0,2.0,0.0,1.0,0.0,0.0,0.0,0.0,240.0,0.0,56.0,0.0,1.0,0,0.0,2,0,1,9.0,0,0,0,0,2
10499,0.0,89.0,2015.0,41.0,5.0,1.0,3.0,2.0,0.0,1.0,0.0,0.0,0.0,1.0,240.0,0.0,62.0,1.0,1.0,0,2.0,2,0,1,9.0,0,0,0,0,1
10601,0.0,110.0,2015.0,41.0,6.0,2.0,5.0,2.0,0.0,1.0,0.0,0.0,0.0,0.0,314.0,0.0,52.8,0.0,1.0,3,3.0,2,0,1,9.0,0,0,1,0,0
10707,0.0,39.0,2015.0,41.0,9.0,2.0,6.0,2.0,2.0,1.0,0.0,0.0,0.0,1.0,240.0,0.0,108.75,0.0,1.0,6,6.0,2,0,1,9.0,0,0,0,0,2
10901,0.0,9.0,2015.0,42.0,15.0,2.0,5.0,2.0,0.0,1.0,0.0,0.0,0.0,0.0,314.0,0.0,74.57,0.0,1.0,0,2.0,2,0,1,9.0,1,0,1,0,0
11080,0.0,21.0,2015.0,43.0,22.0,2.0,5.0,2.0,0.0,1.0,0.0,0.0,0.0,0.0,243.0,0.0,43.93,0.0,2.0,0,0.0,2,0,1,9.0,0,0,1,0,0
11617,0.0,44.0,2015.0,47.0,21.0,0.0,1.0,2.0,0.0,1.0,0.0,0.0,0.0,1.0,240.0,0.0,67.5,0.0,2.0,0,4.0,2,0,1,10.0,1,0,0,0,1
12119,0.0,5.0,2015.0,49.0,5.0,1.0,1.0,2.0,0.0,1.0,0.0,0.0,0.0,0.0,6.0,0.0,67.4,0.0,0.0,0,3.0,2,0,1,11.0,3,0,1,0,2
12124,0.0,5.0,2015.0,49.0,5.0,1.0,1.0,2.0,0.0,1.0,0.0,0.0,0.0,0.0,6.0,0.0,49.4,0.0,0.0,0,3.0,2,0,1,11.0,1,0,1,0,2
12167,0.0,17.0,2015.0,49.0,4.0,2.0,2.0,2.0,0.0,1.0,0.0,0.0,0.0,0.0,127.0,0.0,30.5,0.0,1.0,0,0.0,2,0,1,11.0,0,0,1,0,2
12231,0.0,18.0,2015.0,50.0,7.0,1.0,0.0,2.0,0.0,1.0,0.0,0.0,0.0,0.0,250.0,0.0,93.0,0.0,2.0,3,3.0,2,0,1,11.0,1,0,3,1,2
12339,0.0,3.0,2015.0,50.0,10.0,0.0,0.0,2.0,0.0,1.0,0.0,0.0,0.0,0.0,240.0,0.0,0.0,0.0,2.0,3,3.0,2,0,1,11.0,0,0,0,0,1
12542,0.0,16.0,2015.0,51.0,19.0,0.0,1.0,2.0,1.0,1.0,0.0,0.0,0.0,0.0,240.0,0.0,69.0,1.0,3.0,2,6.0,2,0,1,11.0,0,0,0,0,2
12575,0.0,46.0,2015.0,52.0,20.0,2.0,0.0,2.0,0.0,1.0,0.0,0.0,0.0,2.0,6.0,0.0,26.0,0.0,1.0,3,3.0,3,0,1,11.0,0,0,1,0,2
12578,0.0,46.0,2015.0,52.0,20.0,2.0,0.0,2.0,0.0,1.0,0.0,0.0,0.0,1.0,6.0,0.0,26.0,0.0,2.0,0,3.0,3,0,1,11.0,0,0,1,0,2
12590,0.0,25.0,2015.0,52.0,22.0,0.0,1.0,2.0,0.0,1.0,0.0,0.0,0.0,0.0,240.0,0.0,46.4,0.0,3.0,3,3.0,2,0,1,11.0,0,0,0,0,2
12665,0.0,14.0,2015.0,52.0,25.0,0.0,2.0,2.0,0.0,1.0,0.0,0.0,0.0,0.0,240.0,0.0,61.0,1.0,2.0,0,2.0,2,0,1,11.0,0,0,0,0,1
12739,0.0,3.0,2015.0,53.0,27.0,2.0,0.0,2.0,0.0,1.0,0.0,0.0,0.0,0.0,250.0,0.0,71.0,1.0,1.0,4,4.0,2,0,1,11.0,0,0,3,1,1
12767,0.0,23.0,2015.0,53.0,27.0,2.0,1.0,2.0,1.0,1.0,0.0,0.0,0.0,2.0,250.0,0.0,104.0,1.0,2.0,2,2.0,2,0,1,11.0,1,0,3,1,1
12878,0.0,26.0,2016.0,1.0,2.0,0.0,1.0,2.0,0.0,1.0,0.0,0.0,0.0,1.0,250.0,0.0,65.0,1.0,2.0,4,4.0,2,0,1,0.0,0,0,3,1,1
12908,0.0,0.0,2016.0,2.0,3.0,1.0,0.0,2.0,0.0,1.0,0.0,0.0,0.0,0.0,240.0,0.0,48.0,0.0,2.0,0,4.0,1,0,1,0.0,0,0,0,0,2
12964,0.0,11.0,2016.0,2.0,3.0,2.0,1.0,2.0,0.0,1.0,0.0,0.0,0.0,0.0,1.0,0.0,39.0,1.0,1.0,0,0.0,2,0,1,0.0,0,0,1,0,1
13746,0.0,0.0,2016.0,6.0,4.0,0.0,2.0,2.0,0.0,1.0,0.0,0.0,0.0,0.0,314.0,0.0,38.4,0.0,0.0,0,0.0,2,0,1,1.0,0,0,1,0,0
13776,0.0,3.0,2016.0,6.0,6.0,0.0,1.0,2.0,0.0,1.0,0.0,0.0,0.0,0.0,314.0,0.0,46.4,1.0,1.0,3,4.0,2,0,1,1.0,0,0,1,0,2
13858,0.0,11.0,2016.0,6.0,6.0,2.0,1.0,2.0,0.0,1.0,0.0,0.0,0.0,0.0,240.0,0.0,88.0,0.0,2.0,0,0.0,2,0,1,1.0,1,0,0,0,1
14023,0.0,3.0,2016.0,7.0,13.0,0.0,1.0,2.0,0.0,1.0,0.0,0.0,0.0,1.0,241.0,0.0,73.92,1.0,2.0,5,5.0,2,0,1,1.0,1,0,0,0,2
14100,0.0,10.0,2016.0,7.0,12.0,1.0,2.0,2.0,0.0,1.0,0.0,0.0,0.0,1.0,177.0,0.0,73.4,0.0,2.0,0,0.0,2,0,1,1.0,1,0,1,0,2
14112,0.0,13.0,2016.0,7.0,10.0,1.0,4.0,2.0,1.0,1.0,0.0,0.0,0.0,0.0,6.0,0.0,96.25,0.0,0.0,3,2.0,2,0,1,1.0,1,0,1,0,2
14193,0.0,19.0,2016.0,8.0,14.0,2.0,2.0,2.0,0.0,1.0,0.0,0.0,0.0,0.0,240.0,0.0,69.0,0.0,4.0,4,4.0,2,0,1,1.0,0,0,0,0,2
14245,0.0,0.0,2016.0,8.0,18.0,0.0,1.0,2.0,0.0,1.0,0.0,0.0,0.0,1.0,240.0,0.0,58.0,0.0,3.0,3,3.0,2,0,1,1.0,0,0,0,0,1
14399,0.0,12.0,2016.0,9.0,24.0,0.0,1.0,2.0,0.0,1.0,0.0,0.0,0.0,0.0,196.0,0.0,36.0,1.0,1.0,0,3.0,2,0,1,1.0,0,0,1,0,2
14554,0.0,17.0,2016.0,9.0,26.0,1.0,2.0,2.0,0.0,1.0,0.0,0.0,0.0,1.0,196.0,0.0,56.0,0.0,1.0,0,0.0,3,0,1,1.0,1,0,1,0,2
15003,0.0,4.0,2016.0,11.0,12.0,0.0,1.0,3.0,0.0,1.0,0.0,0.0,0.0,0.0,196.0,0.0,46.0,0.0,0.0,2,2.0,2,0,1,2.0,0,0,1,0,1
15006,0.0,2.0,2016.0,11.0,11.0,0.0,2.0,2.0,0.0,1.0,0.0,0.0,0.0,1.0,240.0,0.0,68.0,0.0,1.0,3,4.0,3,0,1,2.0,0,0,0,0,1
15020,0.0,1.0,2016.0,11.0,12.0,0.0,1.0,2.0,0.0,1.0,0.0,0.0,0.0,1.0,240.0,0.0,58.0,0.0,1.0,0,3.0,2,0,1,2.0,0,0,0,0,1
15046,0.0,8.0,2016.0,11.0,11.0,0.0,2.0,2.0,0.0,1.0,0.0,0.0,0.0,0.0,171.0,0.0,37.0,0.0,1.0,3,3.0,2,0,1,2.0,0,0,1,0,1
15116,0.0,2.0,2016.0,12.0,13.0,2.0,1.0,2.0,0.0,1.0,0.0,0.0,0.0,1.0,250.0,0.0,85.0,0.0,1.0,3,3.0,2,0,1,2.0,1,0,3,1,2
15126,0.0,40.0,2016.0,12.0,13.0,2.0,1.0,2.0,0.0,1.0,0.0,0.0,0.0,0.0,156.0,0.0,35.15,0.0,2.0,3,3.0,2,0,1,2.0,0,0,1,0,2
15278,0.0,1.0,2016.0,12.0,17.0,0.0,3.0,2.0,0.0,1.0,0.0,0.0,0.0,1.0,250.0,0.0,64.33,1.0,0.0,3,3.0,2,0,1,2.0,0,0,3,1,2
15283,0.0,17.0,2016.0,12.0,18.0,0.0,2.0,2.0,0.0,1.0,0.0,0.0,0.0,0.0,196.0,0.0,58.0,0.0,2.0,0,0.0,2,0,1,2.0,1,0,1,0,1
15308,0.0,2.0,2016.0,12.0,17.0,0.0,3.0,2.0,0.0,1.0,0.0,0.0,0.0,0.0,171.0,0.0,30.0,0.0,1.0,0,0.0,2,0,1,2.0,0,0,1,0,2
15406,0.0,19.0,2016.0,13.0,21.0,1.0,1.0,2.0,0.0,1.0,0.0,0.0,0.0,1.0,196.0,0.0,30.0,0.0,0.0,0,2.0,2,0,1,2.0,0,0,1,0,1
15440,0.0,17.0,2016.0,12.0,19.0,2.0,2.0,2.0,0.0,1.0,0.0,0.0,0.0,1.0,240.0,0.0,48.0,0.0,3.0,0,3.0,2,0,1,2.0,0,0,0,0,2
15458,0.0,5.0,2016.0,13.0,20.0,2.0,2.0,2.0,0.0,1.0,0.0,0.0,0.0,1.0,171.0,0.0,41.4,0.0,0.0,0,2.0,2,0,1,2.0,0,0,1,0,0
15470,0.0,30.0,2016.0,13.0,20.0,2.0,2.0,2.0,0.0,1.0,0.0,0.0,0.0,0.0,15.0,0.0,29.0,0.0,2.0,0,0.0,2,0,1,2.0,0,0,1,0,2
15471,0.0,34.0,2016.0,13.0,24.0,0.0,3.0,2.0,0.0,1.0,0.0,0.0,0.0,1.0,241.0,0.0,65.45,0.0,2.0,4,4.0,2,0,1,2.0,0,0,0,0,2
15504,0.0,8.0,2016.0,13.0,23.0,0.0,1.0,2.0,0.0,1.0,0.0,0.0,0.0,2.0,250.0,0.0,51.0,0.0,1.0,0,2.0,2,0,1,2.0,0,0,3,1,2
15774,0.0,61.0,2016.0,14.0,27.0,2.0,3.0,2.0,0.0,1.0,0.0,0.0,0.0,0.0,240.0,0.0,56.0,0.0,1.0,3,3.0,2,0,1,2.0,0,0,0,0,1
15808,0.0,32.0,2016.0,14.0,1.0,0.0,2.0,2.0,1.0,1.0,0.0,0.0,0.0,0.0,250.0,0.0,174.0,1.0,0.0,6,6.0,2,0,1,3.0,1,0,3,1,1
16083,0.0,14.0,2016.0,15.0,5.0,2.0,5.0,2.0,0.0,1.0,0.0,0.0,0.0,0.0,95.0,0.0,43.11,0.0,0.0,0,2.0,2,0,1,3.0,0,0,1,0,2
16106,0.0,3.0,2016.0,16.0,11.0,1.0,1.0,2.0,0.0,1.0,0.0,0.0,0.0,1.0,240.0,0.0,75.0,0.0,2.0,3,3.0,2,0,1,3.0,0,0,0,0,1
16165,0.0,95.0,2016.0,15.0,9.0,2.0,4.0,2.0,0.0,1.0,0.0,0.0,0.0,2.0,242.0,0.0,52.2,0.0,2.0,0,2.0,2,0,1,3.0,0,0,0,0,2
16400,0.0,5.0,2016.0,17.0,20.0,0.0,1.0,2.0,0.0,1.0,0.0,0.0,0.0,1.0,240.0,0.0,85.0,0.0,2.0,4,4.0,2,0,1,3.0,0,0,0,0,2
16407,0.0,33.0,2016.0,17.0,17.0,2.0,3.0,2.0,0.0,1.0,0.0,0.0,0.0,0.0,171.0,0.0,52.2,0.0,2.0,3,3.0,2,0,1,3.0,0,0,1,0,2
16538,0.0,1.0,2016.0,18.0,26.0,0.0,2.0,2.0,1.0,1.0,0.0,0.0,0.0,1.0,240.0,0.0,85.5,1.0,2.0,0,2.0,2,0,1,3.0,0,0,0,0,1
16741,0.0,26.0,2016.0,17.0,23.0,2.0,5.0,2.0,0.0,1.0,0.0,0.0,0.0,5.0,250.0,0.0,121.0,1.0,3.0,4,4.0,3,0,1,3.0,1,0,3,1,2
17003,0.0,3.0,2016.0,19.0,4.0,0.0,3.0,2.0,0.0,1.0,0.0,0.0,0.0,1.0,240.0,0.0,83.0,1.0,1.0,0,0.0,2,0,1,4.0,0,0,0,0,1
17041,0.0,2.0,2016.0,19.0,7.0,0.0,1.0,2.0,1.0,1.0,0.0,0.0,0.0,0.0,250.0,0.0,139.0,0.0,0.0,6,6.0,2,0,1,4.0,0,0,3,1,1
17193,0.0,52.0,2016.0,19.0,1.0,4.0,7.0,2.0,0.0,1.0,0.0,0.0,0.0,3.0,243.0,0.0,37.4,0.0,0.0,0,3.0,0,0,1,4.0,0,0,1,0,0
17431,0.0,3.0,2016.0,20.0,13.0,2.0,3.0,2.0,0.0,1.0,0.0,0.0,0.0,4.0,250.0,0.0,131.1,1.0,2.0,6,6.0,2,0,1,4.0,0,0,3,1,1
17447,0.0,124.0,2016.0,21.0,18.0,0.0,4.0,2.0,0.0,1.0,0.0,0.0,0.0,2.0,240.0,0.0,60.0,0.0,2.0,0,2.0,2,0,1,4.0,0,0,0,0,2
17553,0.0,13.0,2016.0,21.0,18.0,0.0,4.0,2.0,0.0,1.0,0.0,0.0,0.0,2.0,240.0,0.0,94.0,0.0,1.0,3,4.0,2,0,1,4.0,0,0,0,0,2
17571,0.0,4.0,2016.0,21.0,20.0,0.0,2.0,2.0,0.0,1.0,0.0,0.0,0.0,1.0,240.0,0.0,142.0,1.0,1.0,3,3.0,2,0,1,4.0,1,0,0,0,1
17594,0.0,128.0,2016.0,20.0,14.0,3.0,6.0,2.0,0.0,1.0,0.0,0.0,0.0,1.0,240.0,0.0,65.7,0.0,3.0,3,3.0,2,0,1,4.0,0,0,0,0,2
17617,0.0,97.0,2016.0,22.0,22.0,2.0,0.0,2.0,0.0,1.0,0.0,0.0,0.0,1.0,240.0,0.0,58.0,1.0,1.0,0,0.0,2,0,1,4.0,0,0,0,0,2
17636,0.0,116.0,2016.0,21.0,18.0,2.0,5.0,2.0,0.0,1.0,0.0,0.0,0.0,1.0,177.0,0.0,75.6,0.0,1.0,3,3.0,3,0,1,4.0,1,0,1,0,0
17710,0.0,102.0,2016.0,22.0,23.0,1.0,2.0,2.0,1.0,1.0,0.0,0.0,0.0,0.0,241.0,0.0,78.93,0.0,2.0,2,2.0,2,0,1,4.0,0,0,0,0,0
17763,0.0,104.0,2016.0,22.0,25.0,0.0,4.0,2.0,0.0,1.0,0.0,0.0,0.0,0.0,240.0,0.0,64.0,1.0,2.0,0,0.0,2,0,1,4.0,0,0,0,0,1
17806,0.0,7.0,2016.0,23.0,30.0,1.0,0.0,2.0,0.0,1.0,0.0,0.0,0.0,1.0,240.0,0.0,101.0,1.0,1.0,0,2.0,2,0,1,4.0,1,0,0,0,1
17814,0.0,102.0,2016.0,22.0,27.0,2.0,3.0,2.0,0.0,1.0,0.0,0.0,0.0,0.0,240.0,0.0,71.2,0.0,1.0,0,2.0,2,0,1,4.0,0,0,0,0,2
17850,0.0,131.0,2016.0,22.0,25.0,2.0,6.0,2.0,0.0,1.0,0.0,0.0,0.0,1.0,250.0,0.0,94.14,0.0,1.0,6,6.0,2,0,1,4.0,0,0,3,1,0
17864,0.0,69.0,2016.0,23.0,30.0,1.0,2.0,2.0,0.0,1.0,0.0,0.0,0.0,2.0,240.0,0.0,114.0,0.0,2.0,0,2.0,2,0,1,4.0,1,0,0,0,2
17912,0.0,63.0,2016.0,23.0,30.0,1.0,4.0,2.0,1.0,1.0,0.0,0.0,0.0,2.0,240.0,0.0,215.6,1.0,1.0,6,6.0,2,0,1,4.0,1,0,0,0,1
17917,0.0,137.0,2016.0,23.0,3.0,0.0,1.0,2.0,0.0,1.0,0.0,0.0,0.0,1.0,147.0,0.0,70.11,0.0,2.0,3,3.0,2,0,1,5.0,0,0,1,0,2
18063,0.0,242.0,2016.0,23.0,4.0,2.0,5.0,2.0,0.0,1.0,0.0,0.0,0.0,0.0,143.0,0.0,62.9,0.0,1.0,3,3.0,0,0,1,5.0,0,0,1,0,0
18106,0.0,94.0,2016.0,24.0,6.0,1.0,5.0,2.0,0.0,1.0,0.0,0.0,0.0,3.0,250.0,0.0,165.9,0.0,2.0,5,5.0,2,0,1,5.0,1,0,3,1,2
18135,0.0,13.0,2016.0,24.0,8.0,0.0,4.0,2.0,1.0,1.0,0.0,0.0,0.0,2.0,250.0,0.0,166.0,1.0,1.0,2,2.0,2,0,1,5.0,0,0,3,1,1
18164,0.0,132.0,2016.0,24.0,6.0,2.0,5.0,2.0,0.0,1.0,0.0,0.0,0.0,1.0,250.0,0.0,100.44,0.0,2.0,4,5.0,2,0,1,5.0,0,0,3,1,0
18227,0.0,98.0,2016.0,24.0,9.0,2.0,5.0,2.0,0.0,1.0,0.0,0.0,0.0,1.0,243.0,0.0,53.56,0.0,0.0,0,0.0,0,0,1,5.0,1,0,1,0,0
18409,0.0,12.0,2016.0,25.0,17.0,2.0,3.0,2.0,0.0,1.0,0.0,0.0,0.0,1.0,241.0,0.0,116.31,0.0,1.0,5,5.0,2,0,1,5.0,0,0,0,0,0
18435,0.0,153.0,2016.0,25.0,14.0,2.0,7.0,2.0,0.0,1.0,0.0,0.0,0.0,2.0,115.0,0.0,57.6,0.0,0.0,0,0.0,2,0,1,5.0,0,0,1,0,2
18442,0.0,160.0,2016.0,25.0,16.0,2.0,5.0,2.0,1.0,1.0,0.0,0.0,0.0,0.0,250.0,0.0,142.0,1.0,1.0,6,6.0,2,0,1,5.0,0,0,3,1,0
18456,0.0,22.0,2016.0,26.0,21.0,0.0,2.0,3.0,1.0,1.0,0.0,0.0,0.0,1.0,240.0,0.0,206.0,1.0,1.0,7,7.0,2,0,1,5.0,0,0,0,0,0
18618,0.0,220.0,2016.0,26.0,24.0,2.0,5.0,2.0,0.0,1.0,0.0,0.0,0.0,0.0,314.0,0.0,79.2,0.0,1.0,4,4.0,2,0,1,5.0,0,0,1,0,0
18640,0.0,163.0,2016.0,27.0,27.0,1.0,4.0,2.0,2.0,1.0,0.0,0.0,0.0,0.0,196.0,0.0,150.69,1.0,1.0,2,2.0,2,0,1,5.0,4,0,1,0,1
18826,0.0,167.0,2016.0,27.0,1.0,2.0,6.0,2.0,1.0,1.0,0.0,0.0,0.0,3.0,250.0,0.0,130.5,0.0,1.0,2,2.0,2,0,1,6.0,0,0,3,1,1
18836,0.0,13.0,2016.0,28.0,3.0,2.0,4.0,2.0,0.0,1.0,0.0,0.0,0.0,1.0,240.0,0.0,186.0,0.0,1.0,0,0.0,2,0,1,6.0,1,0,0,0,1
18858,0.0,172.0,2016.0,28.0,4.0,1.0,5.0,2.0,1.0,1.0,0.0,0.0,0.0,0.0,250.0,0.0,155.65,1.0,2.0,6,6.0,2,0,1,6.0,0,0,3,1,2
19037,0.0,146.0,2016.0,29.0,14.0,0.0,2.0,2.0,0.0,1.0,0.0,0.0,0.0,0.0,156.0,0.0,110.7,0.0,3.0,3,3.0,3,0,1,6.0,0,0,1,0,2
19071,0.0,177.0,2016.0,28.0,9.0,2.0,6.0,2.0,0.0,1.0,0.0,0.0,0.0,1.0,177.0,0.0,142.2,1.0,2.0,0,0.0,3,0,1,6.0,3,0,1,0,1
19158,0.0,1.0,2016.0,30.0,18.0,1.0,1.0,2.0,0.0,1.0,0.0,0.0,0.0,1.0,240.0,0.0,191.0,0.0,1.0,0,0.0,2,0,1,6.0,1,0,0,0,2
19211,0.0,81.0,2016.0,29.0,16.0,2.0,4.0,2.0,0.0,1.0,0.0,0.0,0.0,1.0,5.0,0.0,174.0,0.0,0.0,0,0.0,2,0,1,6.0,3,0,0,0,1
19258,0.0,153.0,2016.0,30.0,18.0,1.0,4.0,2.0,0.0,1.0,0.0,0.0,0.0,1.0,250.0,0.0,203.5,0.0,3.0,3,3.0,2,0,1,6.0,4,0,3,1,1
19328,0.0,158.0,2016.0,31.0,29.0,2.0,5.0,3.0,0.0,1.0,0.0,0.0,0.0,1.0,171.0,0.0,205.7,0.0,0.0,2,2.0,2,0,1,6.0,1,0,1,0,0
19439,0.0,138.0,2016.0,31.0,24.0,2.0,3.0,2.0,1.0,1.0,0.0,0.0,0.0,2.0,250.0,0.0,155.6,1.0,1.0,2,2.0,2,0,1,6.0,0,0,3,1,1
19448,0.0,149.0,2016.0,30.0,23.0,2.0,5.0,2.0,0.0,1.0,0.0,0.0,0.0,1.0,96.0,0.0,156.6,0.0,2.0,3,3.0,2,0,1,6.0,3,0,1,0,1
19477,0.0,150.0,2016.0,30.0,23.0,2.0,5.0,2.0,1.0,1.0,0.0,0.0,0.0,2.0,240.0,0.0,189.5,0.0,3.0,3,2.0,2,0,1,6.0,0,0,0,0,2
19561,0.0,27.0,2016.0,31.0,29.0,1.0,2.0,2.0,0.0,1.0,0.0,0.0,0.0,1.0,241.0,0.0,165.04,0.0,2.0,0,1.0,2,0,1,6.0,1,0,0,0,2
19562,0.0,30.0,2016.0,32.0,1.0,1.0,1.0,2.0,0.0,1.0,0.0,0.0,0.0,1.0,241.0,0.0,189.42,0.0,2.0,3,3.0,2,0,1,7.0,1,0,0,0,1
19695,0.0,189.0,2016.0,32.0,2.0,0.0,3.0,2.0,0.0,1.0,0.0,0.0,0.0,2.0,240.0,0.0,191.0,1.0,2.0,0,0.0,2,0,1,7.0,0,0,0,0,1
19697,0.0,1.0,2016.0,32.0,4.0,0.0,1.0,2.0,0.0,1.0,0.0,0.0,0.0,1.0,240.0,0.0,199.0,0.0,3.0,3,3.0,2,0,1,7.0,0,0,0,0,1
19701,0.0,175.0,2016.0,31.0,30.0,2.0,5.0,2.0,0.0,1.0,0.0,0.0,0.0,1.0,5.0,0.0,150.0,0.0,0.0,0,0.0,2,0,1,6.0,1,0,1,0,1
19711,0.0,2.0,2016.0,32.0,4.0,0.0,2.0,2.0,1.0,1.0,0.0,0.0,0.0,1.0,241.0,0.0,176.53,0.0,2.0,3,3.0,2,0,1,7.0,0,0,0,0,2
19719,0.0,140.0,2016.0,32.0,31.0,2.0,4.0,2.0,0.0,1.0,0.0,0.0,0.0,1.0,240.0,0.0,229.5,0.0,1.0,3,3.0,2,0,1,6.0,1,0,0,0,1
19721,0.0,152.0,2016.0,32.0,31.0,2.0,4.0,2.0,0.0,1.0,0.0,0.0,0.0,0.0,196.0,0.0,194.0,0.0,0.0,4,4.0,2,0,1,6.0,4,0,1,0,1
19724,0.0,152.0,2016.0,32.0,31.0,2.0,4.0,2.0,0.0,1.0,0.0,0.0,0.0,0.0,196.0,0.0,194.0,0.0,0.0,4,4.0,2,0,1,6.0,4,0,1,0,1
19738,0.0,180.0,2016.0,32.0,31.0,2.0,5.0,2.0,0.0,1.0,0.0,0.0,0.0,0.0,6.0,0.0,156.6,0.0,3.0,3,3.0,2,0,1,6.0,3,0,1,0,1
19744,0.0,234.0,2016.0,32.0,2.0,0.0,5.0,2.0,1.0,1.0,0.0,0.0,0.0,3.0,250.0,0.0,263.0,1.0,2.0,6,6.0,2,0,1,7.0,1,0,3,1,1
19765,0.0,15.0,2016.0,32.0,4.0,0.0,3.0,2.0,0.0,1.0,0.0,0.0,0.0,1.0,241.0,0.0,168.63,0.0,2.0,0,0.0,2,0,1,7.0,0,0,0,0,1
19776,0.0,19.0,2016.0,32.0,3.0,1.0,4.0,2.0,0.0,1.0,0.0,0.0,0.0,0.0,240.0,0.0,221.0,0.0,2.0,0,0.0,2,0,1,7.0,0,0,0,0,1
19798,0.0,4.0,2016.0,32.0,4.0,1.0,3.0,2.0,0.0,1.0,0.0,0.0,0.0,1.0,240.0,0.0,253.5,0.0,1.0,0,0.0,2,0,1,7.0,1,0,0,0,1
19871,0.0,197.0,2016.0,32.0,5.0,2.0,4.0,2.0,0.0,1.0,0.0,0.0,0.0,0.0,250.0,0.0,148.0,0.0,1.0,3,3.0,2,0,1,7.0,0,0,3,1,2
19876,0.0,195.0,2016.0,32.0,4.0,2.0,5.0,2.0,0.0,1.0,0.0,0.0,0.0,0.0,243.0,0.0,116.1,0.0,1.0,0,0.0,0,0,1,7.0,1,0,1,0,1
19919,0.0,226.0,2016.0,33.0,8.0,1.0,3.0,2.0,0.0,1.0,0.0,0.0,0.0,2.0,240.0,0.0,138.0,1.0,2.0,0,3.0,2,0,1,7.0,0,0,0,0,1
19929,0.0,6.0,2016.0,33.0,10.0,0.0,2.0,2.0,0.0,1.0,0.0,0.0,0.0,1.0,250.0,0.0,227.1,1.0,2.0,4,4.0,2,0,1,7.0,0,0,3,1,2
20003,0.0,78.0,2016.0,33.0,11.0,0.0,3.0,2.0,0.0,1.0,0.0,0.0,0.0,1.0,240.0,0.0,189.0,0.0,1.0,0,0.0,2,0,1,7.0,0,0,0,0,2
20052,0.0,110.0,2016.0,33.0,8.0,2.0,5.0,2.0,0.0,1.0,0.0,0.0,0.0,1.0,240.0,0.0,189.0,0.0,2.0,0,0.0,2,0,1,7.0,0,0,0,0,1
20069,0.0,24.0,2016.0,34.0,14.0,2.0,0.0,3.0,0.0,1.0,0.0,0.0,0.0,1.0,242.0,0.0,299.0,0.0,0.0,6,6.0,2,0,1,7.0,0,0,0,0,2
20083,0.0,210.0,2016.0,33.0,9.0,2.0,5.0,2.0,0.0,1.0,0.0,0.0,0.0,0.0,250.0,0.0,183.0,0.0,1.0,0,0.0,2,0,1,7.0,4,0,3,1,1
20115,0.0,108.0,2016.0,33.0,12.0,2.0,3.0,2.0,0.0,1.0,0.0,0.0,0.0,1.0,5.0,0.0,222.0,0.0,1.0,3,3.0,2,0,1,7.0,3,0,0,0,2
20135,0.0,59.0,2016.0,33.0,12.0,2.0,4.0,2.0,1.0,1.0,0.0,0.0,0.0,1.0,240.0,0.0,329.0,0.0,1.0,6,6.0,2,0,1,7.0,1,0,0,0,2
20223,0.0,27.0,2016.0,34.0,18.0,0.0,2.0,2.0,0.0,1.0,0.0,0.0,0.0,1.0,240.0,0.0,231.0,0.0,2.0,0,2.0,2,0,1,7.0,0,0,0,0,2
20242,0.0,3.0,2016.0,34.0,18.0,0.0,3.0,2.0,0.0,1.0,0.0,0.0,0.0,0.0,250.0,0.0,170.7,1.0,1.0,0,0.0,2,0,1,7.0,0,0,3,1,2
20308,0.0,10.0,2016.0,34.0,20.0,1.0,1.0,2.0,1.0,1.0,0.0,0.0,0.0,1.0,250.0,0.0,300.6,1.0,0.0,7,7.0,2,0,1,7.0,1,0,3,1,1
20326,0.0,13.0,2016.0,34.0,17.0,2.0,4.0,2.0,0.0,1.0,0.0,0.0,0.0,1.0,250.0,0.0,241.0,1.0,1.0,0,0.0,2,0,1,7.0,1,0,3,1,2
20358,0.0,12.0,2016.0,34.0,20.0,2.0,2.0,2.0,1.0,1.0,0.0,0.0,0.0,4.0,250.0,0.0,293.1,1.0,1.0,6,6.0,2,0,1,7.0,1,0,3,1,1
20445,0.0,3.0,2016.0,35.0,23.0,0.0,4.0,2.0,0.0,1.0,0.0,0.0,0.0,1.0,240.0,0.0,199.0,0.0,2.0,0,0.0,2,0,1,7.0,0,0,0,0,1
20472,0.0,213.0,2016.0,35.0,21.0,2.0,5.0,2.0,0.0,1.0,0.0,0.0,0.0,0.0,5.0,0.0,146.8,0.0,2.0,0,0.0,3,0,1,7.0,3,0,1,0,1
20484,0.0,192.0,2016.0,35.0,21.0,2.0,5.0,2.0,0.0,1.0,0.0,0.0,0.0,0.0,6.0,0.0,142.2,0.0,1.0,0,0.0,2,0,1,7.0,3,0,1,0,1
20508,0.0,28.0,2016.0,35.0,22.0,2.0,5.0,2.0,1.0,1.0,0.0,0.0,0.0,1.0,250.0,0.0,246.43,0.0,1.0,2,2.0,2,0,1,7.0,1,0,3,1,0
20519,0.0,232.0,2016.0,35.0,25.0,1.0,3.0,2.0,0.0,1.0,0.0,0.0,0.0,0.0,240.0,0.0,121.5,0.0,3.0,0,0.0,2,0,1,7.0,0,0,0,0,1
20535,0.0,32.0,2016.0,35.0,22.0,2.0,5.0,2.0,0.0,1.0,0.0,0.0,0.0,0.0,11.0,0.0,154.0,0.0,0.0,3,3.0,2,0,1,7.0,1,0,1,0,2
20568,0.0,2.0,2016.0,35.0,26.0,2.0,2.0,2.0,0.0,1.0,0.0,0.0,0.0,1.0,240.0,0.0,193.5,0.0,3.0,0,0.0,3,0,1,7.0,0,0,0,0,0
20643,0.0,214.0,2016.0,35.0,26.0,2.0,5.0,2.0,0.0,1.0,0.0,0.0,0.0,1.0,240.0,0.0,182.0,1.0,2.0,3,3.0,2,0,1,7.0,1,0,0,0,1
20644,0.0,70.0,2016.0,35.0,26.0,2.0,5.0,2.0,0.0,1.0,0.0,0.0,0.0,1.0,240.0,0.0,170.43,0.0,2.0,0,0.0,2,0,1,7.0,0,0,0,0,2
20684,0.0,107.0,2016.0,36.0,28.0,2.0,4.0,2.0,0.0,1.0,0.0,0.0,0.0,1.0,240.0,0.0,214.67,1.0,2.0,3,3.0,3,0,1,7.0,1,0,0,0,1
20720,0.0,84.0,2016.0,36.0,28.0,2.0,5.0,2.0,0.0,1.0,0.0,0.0,0.0,1.0,240.0,0.0,225.14,0.0,2.0,3,3.0,3,0,1,7.0,1,0,0,0,1
20767,0.0,211.0,2016.0,36.0,3.0,1.0,1.0,2.0,0.0,1.0,0.0,0.0,0.0,2.0,241.0,0.0,94.4,0.0,2.0,4,5.0,2,0,1,8.0,0,0,0,0,2
20771,0.0,34.0,2016.0,36.0,1.0,1.0,3.0,2.0,0.0,1.0,0.0,0.0,0.0,1.0,240.0,0.0,174.0,0.0,3.0,0,0.0,2,0,1,8.0,0,0,0,0,0
20795,0.0,210.0,2016.0,36.0,31.0,2.0,5.0,2.0,0.0,1.0,0.0,0.0,0.0,1.0,75.0,0.0,79.9,0.0,1.0,0,0.0,0,0,1,7.0,1,0,1,0,2
20818,0.0,170.0,2016.0,37.0,6.0,0.0,2.0,2.0,0.0,1.0,0.0,0.0,0.0,4.0,250.0,0.0,223.0,1.0,1.0,6,6.0,2,0,1,8.0,0,0,3,1,2
20868,0.0,25.0,2016.0,37.0,4.0,2.0,4.0,2.0,1.0,1.0,0.0,0.0,0.0,1.0,250.0,0.0,214.0,0.0,2.0,5,5.0,2,0,1,8.0,0,0,3,1,1
20979,0.0,63.0,2016.0,38.0,12.0,1.0,1.0,2.0,0.0,1.0,0.0,0.0,0.0,1.0,348.0,0.0,119.0,0.0,1.0,0,0.0,2,0,1,8.0,0,0,0,0,2
21026,0.0,10.0,2016.0,38.0,13.0,0.0,2.0,2.0,0.0,1.0,0.0,0.0,0.0,1.0,250.0,0.0,129.0,0.0,0.0,4,4.0,2,0,1,8.0,0,0,3,1,2
21055,0.0,6.0,2016.0,37.0,10.0,2.0,3.0,2.0,0.0,1.0,0.0,0.0,0.0,1.0,240.0,0.0,135.0,1.0,2.0,0,0.0,2,0,1,8.0,0,0,0,0,2
21087,0.0,213.0,2016.0,38.0,16.0,0.0,1.0,2.0,0.0,1.0,0.0,0.0,0.0,1.0,250.0,0.0,132.9,1.0,1.0,5,5.0,2,0,1,8.0,0,0,3,1,2
21238,0.0,58.0,2016.0,39.0,18.0,2.0,1.0,2.0,0.0,1.0,0.0,0.0,0.0,4.0,250.0,0.0,102.0,0.0,3.0,0,0.0,2,0,1,8.0,1,0,3,1,1
21258,0.0,51.0,2016.0,38.0,17.0,2.0,3.0,2.0,0.0,1.0,0.0,0.0,0.0,1.0,250.0,0.0,145.6,1.0,1.0,5,5.0,2,0,1,8.0,0,0,3,1,1
21281,0.0,10.0,2016.0,39.0,20.0,0.0,3.0,2.0,0.0,1.0,0.0,0.0,0.0,1.0,250.0,0.0,173.6,1.0,2.0,3,7.0,2,0,1,8.0,3,0,3,1,1
21588,0.0,18.0,2016.0,40.0,30.0,2.0,3.0,2.0,0.0,1.0,0.0,0.0,0.0,2.0,240.0,0.0,178.2,1.0,2.0,6,6.0,2,0,1,8.0,0,0,0,0,2
22031,0.0,150.0,2016.0,41.0,8.0,2.0,6.0,2.0,0.0,1.0,0.0,0.0,0.0,2.0,273.0,0.0,62.75,0.0,1.0,0,3.0,3,0,1,9.0,0,0,2,1,0
22061,0.0,239.0,2016.0,41.0,8.0,3.0,6.0,2.0,0.0,1.0,0.0,0.0,0.0,0.0,241.0,0.0,51.5,0.0,2.0,0,2.0,2,0,1,9.0,0,0,0,0,0
22381,0.0,125.0,2016.0,43.0,18.0,2.0,5.0,2.0,0.0,1.0,0.0,0.0,0.0,1.0,240.0,0.0,58.0,0.0,1.0,0,2.0,2,0,1,9.0,0,0,0,0,2
22430,0.0,32.0,2016.0,44.0,24.0,1.0,1.0,2.0,0.0,1.0,0.0,0.0,0.0,0.0,6.0,0.0,40.0,0.0,1.0,0,2.0,2,0,1,9.0,0,0,1,0,2
22558,0.0,7.0,2016.0,44.0,24.0,1.0,4.0,2.0,1.0,1.0,0.0,0.0,0.0,2.0,240.0,0.0,119.0,0.0,3.0,0,2.0,3,0,1,9.0,1,0,0,0,1
22667,0.0,22.0,2016.0,44.0,26.0,1.0,4.0,2.0,1.0,1.0,0.0,0.0,0.0,1.0,240.0,0.0,145.0,1.0,2.0,6,6.0,2,0,1,9.0,0,0,0,0,2
22821,0.0,3.0,2016.0,45.0,30.0,2.0,3.0,2.0,0.0,1.0,0.0,0.0,0.0,1.0,242.0,0.0,72.9,0.0,2.0,4,4.0,2,0,1,9.0,0,0,0,0,2
22881,0.0,111.0,2016.0,44.0,29.0,2.0,6.0,2.0,0.0,1.0,0.0,0.0,0.0,3.0,240.0,0.0,40.85,0.0,2.0,0,2.0,2,0,1,9.0,0,0,0,0,2
23006,0.0,47.0,2016.0,45.0,5.0,2.0,2.0,2.0,0.0,2.0,0.0,0.0,0.0,1.0,240.0,0.0,74.8,0.0,5.0,0,2.0,2,0,1,10.0,1,0,0,0,0
23030,0.0,12.0,2016.0,45.0,3.0,2.0,5.0,2.0,0.0,1.0,0.0,0.0,0.0,2.0,464.0,0.0,66.0,0.0,1.0,0,2.0,2,0,1,10.0,4,0,1,0,2
23143,0.0,24.0,2016.0,45.0,5.0,2.0,5.0,2.0,0.0,1.0,0.0,0.0,0.0,2.0,250.0,0.0,143.97,0.0,2.0,6,6.0,2,0,1,10.0,4,0,3,1,1
23211,0.0,104.0,2016.0,46.0,8.0,2.0,5.0,2.0,0.0,1.0,0.0,0.0,0.0,1.0,240.0,0.0,37.8,0.0,2.0,0,0.0,2,0,1,10.0,0,0,0,0,2
23401,0.0,55.0,2016.0,47.0,14.0,1.0,4.0,2.0,0.0,1.0,0.0,0.0,0.0,0.0,6.0,0.0,29.0,0.0,0.0,0,3.0,2,0,1,10.0,0,0,1,0,2
23527,0.0,34.0,2016.0,47.0,14.0,2.0,5.0,2.0,1.0,1.0,0.0,0.0,0.0,3.0,250.0,0.0,65.4,1.0,2.0,2,2.0,2,0,1,10.0,0,0,3,1,2
23687,0.0,0.0,2016.0,48.0,25.0,0.0,2.0,2.0,1.0,1.0,0.0,0.0,0.0,0.0,175.0,0.0,50.4,0.0,0.0,2,2.0,2,0,1,10.0,0,0,0,0,2
23757,0.0,1.0,2016.0,49.0,29.0,0.0,1.0,2.0,0.0,1.0,0.0,0.0,0.0,1.0,240.0,0.0,48.0,0.0,1.0,0,0.0,2,0,1,10.0,0,0,0,0,2
23841,0.0,5.0,2016.0,49.0,2.0,0.0,1.0,2.0,0.0,1.0,0.0,0.0,0.0,1.0,240.0,0.0,63.0,1.0,3.0,4,4.0,2,0,1,11.0,0,0,0,0,1
23962,0.0,32.0,2016.0,48.0,23.0,4.0,10.0,2.0,0.0,1.0,0.0,0.0,0.0,2.0,464.0,0.0,96.0,0.0,1.0,2,2.0,2,0,1,10.0,4,0,1,0,2
24064,0.0,87.0,2016.0,49.0,3.0,2.0,5.0,2.0,1.0,1.0,0.0,0.0,0.0,3.0,240.0,0.0,133.0,0.0,3.0,6,6.0,3,0,1,11.0,1,0,0,0,2
24115,0.0,3.0,2016.0,50.0,9.0,0.0,2.0,2.0,0.0,1.0,0.0,0.0,0.0,1.0,240.0,0.0,65.0,0.0,2.0,0,3.0,2,0,1,11.0,0,0,0,0,1
24134,0.0,25.0,2016.0,50.0,10.0,0.0,1.0,2.0,0.0,1.0,0.0,0.0,0.0,1.0,177.0,0.0,34.0,1.0,2.0,0,3.0,3,0,1,11.0,0,0,1,0,2
24295,0.0,98.0,2016.0,51.0,16.0,0.0,2.0,2.0,0.0,1.0,0.0,0.0,0.0,1.0,250.0,0.0,43.8,1.0,0.0,0,3.0,2,0,1,11.0,0,0,3,1,1
24409,0.0,55.0,2016.0,52.0,19.0,1.0,3.0,2.0,0.0,1.0,0.0,0.0,0.0,0.0,6.0,0.0,30.6,0.0,0.0,0,0.0,2,0,1,11.0,0,0,1,0,2
24416,0.0,26.0,2016.0,52.0,19.0,1.0,3.0,2.0,0.0,1.0,0.0,0.0,0.0,2.0,240.0,0.0,63.0,0.0,2.0,4,4.0,2,0,1,11.0,0,0,0,0,2
24423,0.0,54.0,2016.0,52.0,19.0,1.0,4.0,2.0,0.0,1.0,0.0,0.0,0.0,1.0,240.0,0.0,66.0,0.0,1.0,3,3.0,2,0,1,11.0,0,0,0,0,2
24600,0.0,31.0,2016.0,53.0,26.0,1.0,3.0,2.0,0.0,1.0,0.0,0.0,0.0,1.0,250.0,0.0,52.8,0.0,1.0,0,0.0,2,0,1,11.0,0,0,3,1,2
24912,0.0,123.0,2016.0,53.0,31.0,2.0,5.0,2.0,0.0,1.0,0.0,0.0,0.0,1.0,242.0,0.0,47.57,0.0,2.0,0,2.0,2,0,1,11.0,0,0,0,0,2
24963,0.0,60.0,2017.0,2.0,8.0,1.0,0.0,2.0,2.0,1.0,0.0,0.0,0.0,1.0,240.0,0.0,89.0,1.0,0.0,6,6.0,2,0,1,0.0,0,0,0,0,2
25395,0.0,1.0,2017.0,3.0,21.0,0.0,1.0,2.0,0.0,1.0,0.0,0.0,0.0,1.0,240.0,0.0,80.0,0.0,2.0,0,3.0,2,0,1,0.0,1,0,0,0,2
25494,0.0,22.0,2017.0,4.0,23.0,1.0,2.0,2.0,0.0,1.0,0.0,0.0,0.0,1.0,250.0,0.0,39.6,0.0,2.0,0,3.0,2,0,1,0.0,0,0,3,1,0
25699,0.0,1.0,2017.0,4.0,27.0,1.0,2.0,2.0,1.0,1.0,0.0,0.0,0.0,1.0,250.0,0.0,95.33,0.0,4.0,7,7.0,3,0,1,0.0,0,0,3,1,2
25705,0.0,0.0,2017.0,4.0,27.0,1.0,2.0,2.0,0.0,1.0,0.0,0.0,0.0,2.0,250.0,0.0,93.0,0.0,0.0,6,6.0,3,0,1,0.0,0,0,3,1,1
25736,0.0,47.0,2017.0,4.0,28.0,2.0,1.0,2.0,1.0,1.0,0.0,0.0,0.0,1.0,6.0,0.0,42.5,0.0,0.0,0,2.0,2,0,1,0.0,0,0,1,0,2
25865,0.0,1.0,2017.0,5.0,4.0,0.0,1.0,2.0,0.0,1.0,0.0,0.0,0.0,1.0,250.0,0.0,55.0,1.0,0.0,0,0.0,2,0,1,1.0,0,0,3,1,1
25896,0.0,0.0,2017.0,5.0,4.0,0.0,1.0,2.0,0.0,1.0,0.0,0.0,0.0,1.0,240.0,0.0,80.0,0.0,1.0,0,3.0,2,0,1,1.0,1,0,0,0,2
26072,0.0,53.0,2017.0,5.0,4.0,2.0,5.0,2.0,0.0,1.0,0.0,0.0,0.0,1.0,171.0,0.0,34.0,0.0,0.0,0,0.0,2,0,1,1.0,0,0,1,0,2
26172,0.0,15.0,2017.0,6.0,11.0,2.0,1.0,2.0,0.0,1.0,0.0,0.0,0.0,1.0,240.0,0.0,65.0,1.0,2.0,3,3.0,2,0,1,1.0,0,0,0,0,1
26363,0.0,10.0,2017.0,7.0,17.0,0.0,2.0,3.0,1.0,1.0,0.0,0.0,0.0,2.0,240.0,0.0,161.0,0.0,2.0,6,6.0,2,0,1,1.0,1,0,0,0,2
26432,0.0,31.0,2017.0,8.0,19.0,1.0,0.0,2.0,0.0,2.0,0.0,0.0,0.0,2.0,240.0,0.0,50.0,1.0,2.0,0,2.0,3,0,1,1.0,0,0,0,0,1
26503,0.0,150.0,2017.0,7.0,17.0,2.0,3.0,2.0,0.0,1.0,0.0,0.0,0.0,0.0,6.0,0.0,52.4,0.0,0.0,0,3.0,2,0,1,1.0,1,0,1,0,2
26673,0.0,121.0,2017.0,8.0,20.0,2.0,5.0,2.0,1.0,1.0,0.0,0.0,0.0,1.0,464.0,0.0,70.0,0.0,1.0,2,2.0,2,0,1,1.0,1,0,1,0,2
26691,0.0,13.0,2017.0,8.0,25.0,1.0,1.0,2.0,1.0,1.0,0.0,0.0,0.0,3.0,240.0,0.0,74.0,0.0,3.0,4,2.0,2,0,1,1.0,0,0,0,0,1
26727,0.0,153.0,2017.0,8.0,21.0,2.0,5.0,2.0,0.0,1.0,0.0,0.0,0.0,0.0,6.0,0.0,29.0,0.0,1.0,0,3.0,2,0,1,1.0,0,0,1,0,2
26776,0.0,50.0,2017.0,8.0,25.0,2.0,1.0,2.0,0.0,1.0,0.0,0.0,0.0,2.0,250.0,0.0,39.6,0.0,1.0,0,0.0,2,0,1,1.0,0,0,3,1,1
27244,0.0,10.0,2017.0,10.0,9.0,2.0,3.0,2.0,1.0,1.0,0.0,0.0,0.0,2.0,240.0,0.0,75.0,0.0,2.0,2,2.0,2,0,1,2.0,0,0,0,0,2
27387,0.0,31.0,2017.0,11.0,14.0,0.0,5.0,2.0,0.0,1.0,0.0,0.0,0.0,2.0,250.0,0.0,73.0,0.0,3.0,3,3.0,2,0,1,2.0,0,0,3,1,2
27730,0.0,69.0,2017.0,13.0,29.0,0.0,2.0,2.0,0.0,1.0,0.0,0.0,0.0,1.0,250.0,0.0,92.0,1.0,1.0,6,6.0,2,0,1,2.0,0,0,3,1,2
27767,0.0,166.0,2017.0,12.0,25.0,2.0,5.0,2.0,0.0,1.0,0.0,0.0,0.0,1.0,240.0,0.0,46.8,0.0,4.0,3,3.0,2,0,1,2.0,0,0,0,0,2
27836,0.0,57.0,2017.0,13.0,29.0,1.0,4.0,2.0,0.0,1.0,0.0,0.0,0.0,1.0,250.0,0.0,66.0,0.0,2.0,3,3.0,2,0,1,2.0,0,0,3,1,2
27865,0.0,47.0,2017.0,13.0,28.0,2.0,5.0,2.0,0.0,1.0,0.0,0.0,0.0,0.0,95.0,0.0,48.0,0.0,2.0,0,2.0,2,0,1,2.0,0,0,1,0,0
27914,0.0,107.0,2017.0,13.0,30.0,2.0,5.0,2.0,0.0,1.0,0.0,0.0,0.0,0.0,40.0,0.0,70.99,0.0,1.0,0,0.0,0,0,1,2.0,1,0,1,0,0
27938,0.0,194.0,2017.0,14.0,2.0,2.0,3.0,2.0,0.0,1.0,0.0,0.0,0.0,0.0,6.0,0.0,52.4,0.0,2.0,0,3.0,2,0,1,3.0,1,0,1,0,2
28108,0.0,36.0,2017.0,14.0,3.0,3.0,5.0,2.0,1.0,1.0,0.0,0.0,0.0,1.0,250.0,0.0,131.88,1.0,1.0,5,7.0,2,0,1,3.0,0,0,3,1,2
28206,0.0,185.0,2017.0,15.0,9.0,2.0,2.0,2.0,1.0,1.0,0.0,0.0,0.0,2.0,240.0,0.0,95.2,1.0,2.0,0,2.0,2,0,1,3.0,0,0,0,0,0
28275,0.0,42.0,2017.0,15.0,12.0,0.0,3.0,2.0,0.0,1.0,0.0,0.0,0.0,1.0,240.0,0.0,95.0,0.0,0.0,0,0.0,3,0,1,3.0,0,0,0,0,1
28305,0.0,37.0,2017.0,15.0,13.0,0.0,3.0,2.0,2.0,1.0,0.0,0.0,0.0,1.0,240.0,0.0,152.0,1.0,2.0,2,2.0,2,0,1,3.0,0,0,0,0,2
28337,0.0,77.0,2017.0,15.0,13.0,1.0,3.0,2.0,0.0,1.0,0.0,0.0,0.0,1.0,240.0,0.0,117.75,1.0,3.0,0,0.0,3,0,1,3.0,1,0,0,0,2
28429,0.0,63.0,2017.0,15.0,12.0,2.0,5.0,2.0,0.0,1.0,0.0,0.0,0.0,1.0,250.0,0.0,82.86,0.0,2.0,3,3.0,2,0,1,3.0,0,0,3,1,2
28531,0.0,84.0,2017.0,15.0,15.0,2.0,5.0,2.0,0.0,1.0,0.0,0.0,0.0,0.0,171.0,0.0,83.22,0.0,0.0,3,3.0,2,0,1,3.0,1,0,1,0,2
28670,0.0,71.0,2017.0,16.0,19.0,2.0,6.0,2.0,0.0,1.0,0.0,0.0,0.0,3.0,250.0,0.0,105.13,1.0,0.0,5,5.0,3,0,1,3.0,0,0,3,1,2
28746,0.0,288.0,2017.0,16.0,20.0,2.0,7.0,2.0,0.0,1.0,0.0,0.0,0.0,0.0,527.0,14.0,131.0,0.0,1.0,6,6.0,3,0,1,3.0,4,0,2,0,2
28747,0.0,288.0,2017.0,16.0,20.0,2.0,7.0,2.0,0.0,1.0,0.0,0.0,0.0,0.0,527.0,14.0,131.0,0.0,0.0,2,2.0,2,0,1,3.0,4,0,2,0,2
28816,0.0,11.0,2017.0,17.0,26.0,0.0,4.0,2.0,0.0,1.0,0.0,0.0,0.0,5.0,250.0,0.0,161.08,1.0,1.0,4,4.0,2,0,1,3.0,1,0,3,1,1
28862,0.0,96.0,2017.0,17.0,29.0,1.0,1.0,2.0,0.0,1.0,0.0,0.0,0.0,1.0,250.0,0.0,80.0,1.0,1.0,0,2.0,2,0,1,3.0,0,0,3,1,1
28927,0.0,74.0,2017.0,18.0,30.0,2.0,0.0,2.0,0.0,1.0,0.0,0.0,0.0,2.0,241.0,0.0,62.18,0.0,2.0,0,2.0,2,0,1,3.0,0,0,0,0,0
29031,0.0,68.0,2017.0,18.0,2.0,0.0,3.0,2.0,0.0,1.0,0.0,0.0,0.0,1.0,6.0,0.0,48.0,0.0,1.0,0,2.0,2,0,1,4.0,0,0,1,0,2
29045,0.0,97.0,2017.0,18.0,1.0,1.0,4.0,2.0,0.0,1.0,0.0,0.0,0.0,0.0,95.0,0.0,54.0,0.0,2.0,3,3.0,2,0,1,4.0,0,0,1,0,0
29063,0.0,12.0,2017.0,18.0,4.0,0.0,2.0,2.0,1.0,1.0,0.0,0.0,0.0,2.0,240.0,0.0,140.0,0.0,1.0,4,6.0,2,0,1,4.0,0,0,0,0,2
29141,0.0,248.0,2017.0,18.0,3.0,1.0,4.0,2.0,0.0,1.0,0.0,0.0,0.0,2.0,242.0,0.0,61.0,1.0,1.0,0,2.0,2,0,1,4.0,0,0,0,0,2
29223,0.0,72.0,2017.0,18.0,4.0,2.0,5.0,1.0,1.0,1.0,0.0,0.0,0.0,0.0,40.0,0.0,50.85,0.0,2.0,3,3.0,0,0,1,4.0,0,0,1,0,0
29393,0.0,319.0,2017.0,19.0,12.0,2.0,2.0,2.0,0.0,1.0,0.0,0.0,0.0,1.0,240.0,0.0,55.5,0.0,3.0,0,0.0,2,0,1,4.0,0,0,0,0,2
29426,0.0,29.0,2017.0,19.0,12.0,2.0,3.0,2.0,1.0,1.0,0.0,0.0,0.0,2.0,250.0,0.0,211.0,1.0,4.0,6,6.0,2,0,1,4.0,1,0,3,1,1
29455,0.0,126.0,2017.0,19.0,12.0,2.0,4.0,2.0,0.0,1.0,0.0,0.0,0.0,2.0,241.0,0.0,88.55,0.0,2.0,0,2.0,2,0,1,4.0,1,0,0,0,2
29515,0.0,66.0,2017.0,19.0,13.0,2.0,5.0,2.0,0.0,1.0,0.0,0.0,0.0,1.0,240.0,0.0,172.0,1.0,1.0,6,6.0,3,0,1,4.0,0,0,0,0,1
29541,0.0,9.0,2017.0,20.0,19.0,0.0,2.0,2.0,0.0,1.0,0.0,0.0,0.0,3.0,240.0,0.0,104.5,1.0,2.0,0,0.0,2,0,1,4.0,0,0,0,0,2
29632,0.0,72.0,2017.0,20.0,16.0,2.0,5.0,2.0,0.0,1.0,0.0,0.0,0.0,2.0,250.0,0.0,151.14,0.0,0.0,2,2.0,2,0,1,4.0,1,0,3,1,2
29633,0.0,72.0,2017.0,20.0,16.0,2.0,5.0,2.0,0.0,1.0,0.0,0.0,0.0,2.0,250.0,0.0,152.0,0.0,1.0,2,2.0,2,0,1,4.0,1,0,3,1,2
29751,0.0,159.0,2017.0,21.0,24.0,0.0,1.0,2.0,0.0,1.0,0.0,0.0,0.0,0.0,171.0,0.0,90.0,0.0,1.0,4,4.0,2,0,1,4.0,1,0,1,0,0
29752,0.0,352.0,2017.0,21.0,25.0,2.0,5.0,2.0,0.0,1.0,0.0,0.0,0.0,0.0,6.0,0.0,121.0,0.0,1.0,4,4.0,1,0,1,4.0,1,0,1,0,0
29777,0.0,0.0,2017.0,21.0,24.0,0.0,2.0,2.0,0.0,1.0,0.0,0.0,0.0,0.0,250.0,0.0,100.0,0.0,2.0,0,1.0,2,0,1,4.0,0,0,3,1,1
29823,0.0,289.0,2017.0,21.0,21.0,2.0,5.0,2.0,0.0,1.0,0.0,0.0,0.0,0.0,243.0,0.0,40.95,0.0,2.0,0,0.0,0,0,1,4.0,0,0,1,0,0
29943,0.0,345.0,2017.0,21.0,24.0,2.0,5.0,2.0,0.0,1.0,0.0,0.0,0.0,1.0,6.0,0.0,53.57,1.0,2.0,0,2.0,2,0,1,4.0,0,0,1,0,0
29966,0.0,309.0,2017.0,21.0,25.0,2.0,5.0,2.0,0.0,1.0,0.0,0.0,0.0,2.0,40.0,0.0,68.7,0.0,2.0,0,3.0,0,0,1,4.0,0,0,1,0,0
29970,0.0,301.0,2017.0,21.0,25.0,2.0,5.0,2.0,0.0,1.0,0.0,0.0,0.0,2.0,40.0,0.0,56.7,0.0,0.0,0,0.0,0,0,1,4.0,0,0,1,0,2
29971,0.0,303.0,2017.0,21.0,25.0,2.0,5.0,2.0,0.0,1.0,0.0,0.0,0.0,0.0,40.0,0.0,56.7,0.0,0.0,0,0.0,0,0,1,4.0,0,0,1,0,0
30037,0.0,71.0,2017.0,22.0,30.0,0.0,3.0,2.0,2.0,1.0,0.0,0.0,0.0,1.0,240.0,0.0,176.67,0.0,0.0,6,6.0,2,0,1,4.0,0,0,0,0,0
30065,0.0,132.0,2017.0,22.0,29.0,1.0,4.0,2.0,1.0,1.0,0.0,0.0,0.0,2.0,250.0,0.0,135.1,1.0,3.0,2,2.0,2,0,1,4.0,0,0,3,1,2
30072,0.0,19.0,2017.0,21.0,27.0,2.0,5.0,2.0,0.0,1.0,0.0,0.0,0.0,1.0,241.0,0.0,161.6,0.0,2.0,5,5.0,2,0,1,4.0,1,0,0,0,2
30199,0.0,251.0,2017.0,22.0,31.0,2.0,5.0,2.0,0.0,1.0,0.0,0.0,0.0,0.0,177.0,0.0,59.4,0.0,2.0,0,0.0,2,0,1,4.0,0,0,1,0,0
30201,0.0,251.0,2017.0,22.0,31.0,2.0,5.0,2.0,0.0,1.0,0.0,0.0,0.0,2.0,177.0,0.0,59.4,0.0,1.0,0,0.0,2,0,1,4.0,0,0,1,0,0
30341,0.0,45.0,2017.0,23.0,9.0,0.0,2.0,2.0,0.0,1.0,0.0,0.0,0.0,1.0,240.0,0.0,172.0,0.0,0.0,0,0.0,3,0,1,5.0,1,0,0,0,1
30347,0.0,45.0,2017.0,23.0,9.0,0.0,2.0,2.0,0.0,1.0,0.0,0.0,0.0,1.0,240.0,0.0,172.0,0.0,0.0,0,0.0,3,0,1,5.0,1,0,0,0,1
30354,0.0,21.0,2017.0,23.0,9.0,0.0,2.0,2.0,0.0,1.0,0.0,0.0,0.0,1.0,240.0,0.0,126.0,0.0,1.0,0,0.0,3,0,1,5.0,0,0,0,0,2
30366,0.0,27.0,2017.0,23.0,10.0,1.0,1.0,2.0,0.0,1.0,0.0,0.0,0.0,3.0,240.0,0.0,186.0,1.0,3.0,0,6.0,2,0,1,5.0,1,0,0,0,1
30402,0.0,1.0,2017.0,24.0,11.0,2.0,0.0,2.0,0.0,2.0,0.0,0.0,0.0,1.0,240.0,0.0,201.0,1.0,1.0,0,2.0,2,0,1,5.0,1,0,0,0,1
30450,0.0,147.0,2017.0,23.0,10.0,2.0,3.0,2.0,0.0,1.0,0.0,0.0,0.0,1.0,240.0,0.0,180.0,0.0,2.0,6,6.0,2,0,1,5.0,0,0,0,0,2
30495,0.0,106.0,2017.0,24.0,12.0,1.0,3.0,2.0,0.0,1.0,0.0,0.0,0.0,3.0,240.0,0.0,166.0,1.0,1.0,4,4.0,2,0,1,5.0,0,0,0,0,2
30539,0.0,162.0,2017.0,24.0,12.0,1.0,5.0,2.0,0.0,1.0,0.0,0.0,0.0,1.0,240.0,0.0,155.0,0.0,2.0,3,3.0,2,0,1,5.0,1,0,0,0,1
30644,0.0,213.0,2017.0,24.0,15.0,2.0,5.0,2.0,1.0,1.0,0.0,0.0,0.0,1.0,143.0,0.0,72.88,0.0,0.0,0,0.0,2,0,1,5.0,0,0,1,0,0
30767,0.0,4.0,2017.0,25.0,23.0,0.0,2.0,2.0,1.0,1.0,0.0,0.0,0.0,2.0,250.0,0.0,265.25,1.0,2.0,2,2.0,2,0,1,5.0,4,0,3,1,2
30828,0.0,15.0,2017.0,25.0,24.0,2.0,1.0,2.0,0.0,1.0,0.0,0.0,0.0,5.0,250.0,0.0,150.0,0.0,1.0,3,3.0,2,0,1,5.0,0,0,3,1,2
30917,0.0,308.0,2017.0,25.0,24.0,2.0,4.0,2.0,1.0,1.0,0.0,0.0,0.0,2.0,250.0,0.0,177.6,1.0,2.0,6,6.0,2,0,1,5.0,1,0,3,1,1
30936,0.0,255.0,2017.0,25.0,24.0,2.0,5.0,2.0,0.0,1.0,0.0,0.0,0.0,2.0,250.0,0.0,106.09,0.0,2.0,0,0.0,2,0,1,5.0,1,0,3,1,1
31078,0.0,257.0,2017.0,26.0,29.0,2.0,5.0,2.0,0.0,1.0,0.0,0.0,0.0,3.0,240.0,0.0,140.0,0.0,3.0,4,4.0,2,0,1,5.0,0,0,0,0,2
31079,0.0,198.0,2017.0,26.0,1.0,2.0,3.0,2.0,1.0,1.0,0.0,0.0,0.0,1.0,250.0,0.0,174.0,1.0,0.0,6,6.0,2,0,1,6.0,0,0,3,1,2
31136,0.0,288.0,2017.0,27.0,3.0,1.0,4.0,2.0,0.0,1.0,0.0,0.0,0.0,2.0,240.0,0.0,115.68,1.0,3.0,0,3.0,2,0,1,6.0,0,0,0,0,1
31203,0.0,158.0,2017.0,27.0,3.0,1.0,5.0,2.0,0.0,1.0,0.0,0.0,0.0,4.0,314.0,0.0,111.6,0.0,0.0,0,0.0,2,0,1,6.0,1,0,0,0,1
31243,0.0,171.0,2017.0,27.0,3.0,2.0,5.0,2.0,1.0,1.0,0.0,0.0,0.0,1.0,250.0,0.0,147.71,1.0,2.0,2,2.0,2,0,1,6.0,0,0,3,1,2
31322,0.0,2.0,2017.0,28.0,11.0,0.0,1.0,2.0,1.0,1.0,0.0,0.0,0.0,3.0,250.0,0.0,154.0,1.0,2.0,2,2.0,2,0,1,6.0,0,0,3,1,2
31354,0.0,0.0,2017.0,28.0,12.0,0.0,1.0,2.0,1.0,1.0,0.0,0.0,0.0,1.0,241.0,0.0,126.0,1.0,2.0,3,6.0,2,0,1,6.0,0,0,0,0,1
31433,0.0,170.0,2017.0,27.0,8.0,2.0,5.0,2.0,0.0,1.0,0.0,0.0,0.0,1.0,6.0,0.0,155.7,1.0,2.0,0,0.0,2,0,1,6.0,3,0,1,0,1
31486,0.0,1.0,2017.0,28.0,13.0,0.0,3.0,2.0,0.0,1.0,0.0,0.0,0.0,1.0,240.0,0.0,186.33,1.0,2.0,0,0.0,2,0,1,6.0,1,0,0,0,1
31503,0.0,139.0,2017.0,28.0,10.0,2.0,5.0,2.0,0.0,1.0,0.0,0.0,0.0,0.0,40.0,0.0,107.71,0.0,3.0,0,0.0,0,0,1,6.0,0,0,1,0,0
31572,0.0,90.0,2017.0,28.0,12.0,2.0,5.0,1.0,1.0,1.0,0.0,0.0,0.0,1.0,242.0,0.0,224.16,0.0,3.0,3,3.0,2,0,1,6.0,0,0,0,0,1
31730,0.0,117.0,2017.0,29.0,20.0,1.0,3.0,2.0,1.0,1.0,0.0,0.0,0.0,2.0,314.0,0.0,247.0,0.0,3.0,2,2.0,2,0,1,6.0,3,0,0,0,0
31761,0.0,189.0,2017.0,29.0,17.0,3.0,6.0,2.0,1.0,1.0,0.0,0.0,0.0,2.0,250.0,0.0,218.4,0.0,1.0,2,2.0,2,0,1,6.0,1,0,3,1,2
31901,0.0,176.0,2017.0,30.0,23.0,2.0,5.0,3.0,0.0,1.0,0.0,0.0,0.0,2.0,181.0,0.0,144.0,1.0,0.0,2,2.0,2,0,1,6.0,1,0,1,0,1
31968,0.0,318.0,2017.0,30.0,25.0,2.0,5.0,2.0,1.0,1.0,0.0,0.0,0.0,3.0,250.0,0.0,222.26,1.0,2.0,6,6.0,2,0,1,6.0,1,0,3,1,1
31969,0.0,231.0,2017.0,30.0,25.0,2.0,5.0,2.0,0.0,1.0,0.0,0.0,0.0,1.0,171.0,0.0,147.33,1.0,1.0,0,0.0,2,0,1,6.0,1,0,1,0,1
32004,0.0,178.0,2017.0,30.0,26.0,2.0,5.0,2.0,0.0,1.0,0.0,0.0,0.0,1.0,250.0,0.0,178.2,0.0,2.0,4,4.0,2,0,1,6.0,0,0,3,1,0
32008,0.0,201.0,2017.0,29.0,20.0,4.0,10.0,2.0,0.0,1.0,0.0,0.0,0.0,0.0,177.0,0.0,112.7,0.0,2.0,0,0.0,2,0,1,6.0,0,0,1,0,0
32064,0.0,230.0,2017.0,31.0,1.0,0.0,3.0,2.0,0.0,1.0,0.0,0.0,0.0,1.0,240.0,0.0,155.75,0.0,2.0,0,0.0,3,0,1,7.0,0,0,0,0,2
32066,0.0,230.0,2017.0,31.0,1.0,0.0,3.0,2.0,0.0,1.0,0.0,0.0,0.0,0.0,240.0,0.0,153.75,0.0,2.0,0,0.0,3,0,1,7.0,0,0,0,0,2
32069,0.0,169.0,2017.0,31.0,31.0,1.0,3.0,2.0,0.0,1.0,0.0,0.0,0.0,1.0,240.0,0.0,212.0,0.0,4.0,3,3.0,2,0,1,6.0,1,0,0,0,1
32092,0.0,10.0,2017.0,31.0,1.0,0.0,4.0,2.0,0.0,1.0,0.0,0.0,0.0,1.0,240.0,0.0,209.75,0.0,3.0,0,0.0,2,0,1,7.0,0,0,0,0,2
32127,0.0,231.0,2017.0,31.0,2.0,0.0,4.0,2.0,0.0,1.0,0.0,0.0,0.0,3.0,240.0,0.0,225.0,1.0,5.0,3,3.0,2,0,1,7.0,1,0,0,0,2
32133,0.0,182.0,2017.0,30.0,29.0,2.0,6.0,2.0,1.0,1.0,0.0,0.0,0.0,2.0,250.0,0.0,204.03,0.0,1.0,2,2.0,2,0,1,6.0,1,0,3,1,2
32141,0.0,26.0,2017.0,31.0,1.0,0.0,5.0,2.0,1.0,1.0,0.0,0.0,0.0,1.0,240.0,0.0,310.0,0.0,3.0,6,6.0,2,0,1,7.0,0,0,0,0,1
32279,0.0,195.0,2017.0,31.0,3.0,2.0,5.0,2.0,1.0,1.0,0.0,0.0,0.0,1.0,250.0,0.0,182.16,0.0,2.0,3,3.0,2,0,1,7.0,0,0,3,1,1
32281,0.0,240.0,2017.0,32.0,6.0,2.0,2.0,2.0,0.0,1.0,0.0,0.0,0.0,0.0,410.0,0.0,116.5,0.0,2.0,0,0.0,3,0,1,7.0,0,0,1,0,2
32284,0.0,174.0,2017.0,31.0,3.0,2.0,5.0,2.0,0.0,1.0,0.0,0.0,0.0,0.0,250.0,0.0,248.36,1.0,2.0,3,3.0,2,0,1,7.0,4,0,3,1,1
32399,0.0,256.0,2017.0,32.0,10.0,1.0,3.0,2.0,1.0,1.0,0.0,0.0,0.0,1.0,240.0,0.0,258.0,0.0,2.0,6,6.0,2,0,1,7.0,0,0,0,0,2
32520,0.0,20.0,2017.0,33.0,13.0,2.0,2.0,2.0,1.0,1.0,0.0,0.0,0.0,1.0,250.0,0.0,254.0,0.0,1.0,2,2.0,2,0,1,7.0,0,0,3,1,2
32543,0.0,20.0,2017.0,33.0,16.0,0.0,2.0,2.0,0.0,1.0,0.0,0.0,0.0,4.0,250.0,0.0,260.5,0.0,2.0,0,0.0,3,0,1,7.0,1,0,3,1,1
32682,0.0,27.0,2017.0,33.0,19.0,2.0,1.0,2.0,0.0,1.0,0.0,0.0,0.0,3.0,250.0,0.0,317.0,0.0,2.0,5,5.0,2,0,1,7.0,1,0,3,1,1
32712,0.0,13.0,2017.0,33.0,18.0,2.0,3.0,2.0,0.0,1.0,0.0,0.0,0.0,1.0,250.0,0.0,244.55,1.0,3.0,0,0.0,2,0,1,7.0,1,0,3,1,1
32729,0.0,211.0,2017.0,33.0,17.0,2.0,5.0,2.0,0.0,1.0,0.0,0.0,0.0,0.0,175.0,0.0,147.74,1.0,1.0,0,0.0,2,0,1,7.0,1,0,0,0,1
32734,0.0,247.0,2017.0,33.0,16.0,2.0,6.0,2.0,0.0,2.0,0.0,0.0,0.0,0.0,96.0,0.0,141.68,0.0,1.0,2,2.0,2,0,1,7.0,0,0,1,0,1
32759,0.0,187.0,2017.0,33.0,14.0,3.0,8.0,2.0,0.0,1.0,0.0,0.0,0.0,1.0,240.0,0.0,233.64,0.0,4.0,4,4.0,2,0,1,7.0,1,0,0,0,1
32770,0.0,169.0,2017.0,34.0,20.0,2.0,3.0,2.0,0.0,1.0,0.0,0.0,0.0,2.0,240.0,0.0,262.0,1.0,4.0,3,3.0,2,0,1,7.0,1,0,0,0,1
32810,0.0,215.0,2017.0,33.0,19.0,2.0,5.0,2.0,0.0,1.0,0.0,0.0,0.0,3.0,250.0,0.0,184.54,0.0,3.0,0,0.0,3,0,1,7.0,3,0,3,1,1
32811,0.0,215.0,2017.0,33.0,19.0,2.0,5.0,2.0,0.0,1.0,0.0,0.0,0.0,2.0,250.0,0.0,184.54,0.0,2.0,0,0.0,3,0,1,7.0,3,0,3,1,1
32847,0.0,4.0,2017.0,34.0,25.0,0.0,2.0,2.0,0.0,1.0,0.0,0.0,0.0,1.0,240.0,0.0,220.0,0.0,3.0,3,3.0,2,0,1,7.0,0,0,0,0,2
32927,0.0,228.0,2017.0,34.0,23.0,2.0,5.0,2.0,0.0,1.0,0.0,0.0,0.0,2.0,240.0,0.0,185.46,0.0,3.0,0,0.0,3,0,1,7.0,1,0,0,0,2
32940,0.0,26.0,2017.0,34.0,25.0,2.0,3.0,2.0,1.0,1.0,0.0,0.0,0.0,2.0,250.0,0.0,292.5,0.0,2.0,3,3.0,2,0,1,7.0,1,0,3,1,1
33036,0.0,236.0,2017.0,34.0,26.0,2.0,5.0,2.0,0.0,1.0,0.0,0.0,0.0,1.0,250.0,0.0,124.54,0.0,2.0,0,2.0,2,0,1,7.0,0,0,3,1,1
33041,0.0,184.0,2017.0,34.0,26.0,2.0,5.0,2.0,0.0,1.0,0.0,0.0,0.0,0.0,96.0,0.0,123.0,1.0,3.0,0,0.0,2,0,1,7.0,0,0,1,0,1
33084,0.0,43.0,2017.0,35.0,30.0,0.0,4.0,2.0,0.0,1.0,0.0,0.0,0.0,0.0,15.0,0.0,169.6,0.0,0.0,0,2.0,2,0,1,7.0,1,0,0,0,1
33196,1.0,100.0,2015.0,28.0,6.0,1.0,4.0,2.0,0.0,1.0,0.0,0.0,0.0,0.0,15.0,0.0,93.6,0.0,2.0,0,0.0,2,1,0,6.0,1,0,0,0,1
33643,0.0,122.0,2015.0,31.0,29.0,0.0,3.0,2.0,0.0,1.0,0.0,0.0,0.0,1.0,9.0,0.0,76.5,0.0,1.0,0,0.0,3,0,0,6.0,0,0,0,0,1
33859,0.0,13.0,2015.0,32.0,7.0,0.0,1.0,2.0,0.0,1.0,0.0,0.0,0.0,1.0,15.0,0.0,75.0,0.0,1.0,0,1.0,2,0,0,7.0,0,0,0,0,1
33868,0.0,13.0,2015.0,32.0,7.0,0.0,1.0,2.0,0.0,1.0,0.0,0.0,0.0,1.0,15.0,0.0,75.0,0.0,2.0,0,3.0,2,0,0,7.0,0,0,0,0,1
33889,0.0,0.0,2015.0,32.0,7.0,0.0,2.0,2.0,0.0,1.0,0.0,0.0,0.0,0.0,9.0,0.0,81.0,0.0,2.0,0,0.0,0,0,0,7.0,2,0,0,0,1
33907,0.0,1.0,2015.0,32.0,7.0,2.0,2.0,2.0,0.0,1.0,0.0,0.0,0.0,0.0,9.0,0.0,90.0,0.0,2.0,0,0.0,0,0,0,7.0,0,0,0,0,2
33925,0.0,1.0,2015.0,32.0,8.0,1.0,1.0,2.0,0.0,1.0,0.0,0.0,0.0,0.0,14.0,0.0,75.0,0.0,1.0,0,3.0,2,0,0,7.0,0,0,3,1,1
34622,0.0,6.0,2015.0,34.0,17.0,1.0,5.0,2.0,0.0,1.0,0.0,0.0,0.0,0.0,9.0,0.0,104.0,1.0,2.0,0,3.0,0,0,0,7.0,0,0,0,0,2
34754,0.0,120.0,2015.0,34.0,20.0,2.0,5.0,2.0,0.0,1.0,0.0,0.0,0.0,0.0,13.0,0.0,88.38,0.0,4.0,0,3.0,3,0,0,7.0,1,0,1,0,1
34855,0.0,3.0,2015.0,35.0,23.0,1.0,0.0,2.0,0.0,1.0,0.0,0.0,0.0,0.0,9.0,0.0,90.0,0.0,3.0,0,0.0,0,0,0,7.0,0,0,0,0,2
34995,0.0,55.0,2015.0,35.0,26.0,0.0,2.0,2.0,0.0,1.0,0.0,0.0,0.0,1.0,1.0,0.0,62.0,0.0,1.0,0,3.0,3,0,0,7.0,0,0,2,0,2
35045,0.0,12.0,2015.0,35.0,27.0,2.0,3.0,2.0,0.0,1.0,0.0,0.0,0.0,1.0,9.0,0.0,90.0,0.0,2.0,0,3.0,2,0,0,7.0,0,0,0,0,1
35054,1.0,10.0,2015.0,35.0,28.0,0.0,1.0,2.0,0.0,1.0,0.0,0.0,0.0,0.0,9.0,0.0,90.0,0.0,2.0,0,0.0,0,1,0,7.0,0,0,0,0,1
35077,0.0,17.0,2015.0,35.0,29.0,0.0,1.0,2.0,2.0,1.0,0.0,0.0,0.0,1.0,9.0,0.0,153.0,0.0,2.0,5,5.0,3,0,0,7.0,0,0,0,0,1
35544,0.0,22.0,2015.0,36.0,5.0,2.0,5.0,2.0,0.0,1.0,0.0,0.0,0.0,0.0,7.0,0.0,105.65,0.0,2.0,3,4.0,2,0,0,8.0,0,0,0,0,1
35545,1.0,14.0,2015.0,36.0,5.0,2.0,5.0,2.0,0.0,1.0,0.0,0.0,0.0,1.0,9.0,0.0,113.14,0.0,3.0,0,0.0,2,1,0,8.0,0,0,0,0,1
35664,0.0,24.0,2015.0,37.0,7.0,1.0,2.0,2.0,1.0,1.0,0.0,0.0,0.0,0.0,22.0,0.0,99.5,0.0,0.0,0,4.0,2,0,0,8.0,0,0,1,0,2
35713,0.0,8.0,2015.0,37.0,8.0,0.0,2.0,2.0,0.0,1.0,0.0,0.0,0.0,1.0,7.0,0.0,92.4,0.0,3.0,3,3.0,2,0,0,8.0,0,0,0,0,1
36145,0.0,13.0,2015.0,38.0,13.0,2.0,2.0,2.0,0.0,1.0,0.0,0.0,0.0,0.0,8.0,0.0,102.0,0.0,2.0,0,0.0,2,0,0,8.0,0,0,0,0,2
36158,0.0,6.0,2015.0,38.0,13.0,1.0,0.0,2.0,0.0,1.0,0.0,0.0,0.0,0.0,9.0,0.0,105.0,0.0,2.0,0,0.0,0,0,0,8.0,0,0,0,0,2
36225,0.0,25.0,2015.0,38.0,15.0,0.0,3.0,2.0,0.0,1.0,0.0,0.0,0.0,0.0,7.0,0.0,80.85,0.0,2.0,0,3.0,2,0,0,8.0,0,0,0,0,2
36651,0.0,72.0,2015.0,38.0,19.0,2.0,4.0,2.0,0.0,1.0,0.0,0.0,0.0,0.0,13.0,0.0,71.4,0.0,1.0,0,0.0,2,0,0,8.0,0,0,1,0,2
37665,0.0,33.0,2015.0,41.0,7.0,0.0,3.0,2.0,0.0,1.0,0.0,0.0,0.0,0.0,83.0,0.0,75.6,0.0,1.0,0,0.0,0,0,0,9.0,0,0,1,0,2
37874,0.0,57.0,2015.0,41.0,10.0,2.0,1.0,2.0,0.0,1.0,0.0,0.0,0.0,1.0,9.0,0.0,94.5,0.0,2.0,0,0.0,0,0,0,9.0,0,0,0,0,0
37875,0.0,58.0,2015.0,41.0,10.0,2.0,1.0,2.0,0.0,1.0,0.0,0.0,0.0,1.0,9.0,0.0,92.75,0.0,1.0,0,0.0,0,0,0,9.0,0,0,0,0,2
38263,0.0,62.0,2015.0,43.0,19.0,1.0,4.0,2.0,0.0,1.0,0.0,0.0,0.0,0.0,7.0,0.0,68.72,0.0,2.0,0,0.0,2,0,0,9.0,0,0,0,0,2
38689,1.0,63.0,2015.0,46.0,9.0,1.0,4.0,2.0,0.0,1.0,0.0,0.0,0.0,0.0,9.0,0.0,91.63,0.0,2.0,0,0.0,0,1,0,10.0,0,0,0,0,1
38690,1.0,55.0,2015.0,46.0,9.0,1.0,4.0,2.0,0.0,1.0,0.0,0.0,0.0,0.0,9.0,0.0,79.2,0.0,2.0,0,0.0,0,1,0,10.0,0,0,0,0,1
39250,0.0,6.0,2015.0,51.0,18.0,0.0,1.0,0.0,2.0,1.0,0.0,0.0,0.0,0.0,9.0,0.0,77.0,0.0,2.0,1,1.0,3,0,0,11.0,0,0,0,0,1
39258,0.0,7.0,2015.0,51.0,18.0,1.0,2.0,2.0,0.0,1.0,0.0,0.0,0.0,1.0,14.0,0.0,170.0,0.0,2.0,5,5.0,2,0,0,11.0,0,0,3,1,0
39317,0.0,11.0,2015.0,52.0,26.0,2.0,1.0,2.0,0.0,1.0,0.0,0.0,0.0,1.0,9.0,0.0,92.58,0.0,1.0,1,1.0,3,0,0,11.0,0,0,0,0,2
39681,0.0,4.0,2016.0,2.0,8.0,0.0,1.0,2.0,0.0,1.0,0.0,0.0,0.0,1.0,9.0,0.0,87.3,1.0,2.0,0,0.0,2,0,0,0.0,0,0,0,0,1
39685,0.0,4.0,2016.0,2.0,9.0,0.0,1.0,2.0,0.0,1.0,0.0,0.0,0.0,1.0,9.0,0.0,77.0,0.0,1.0,0,0.0,2,0,0,0.0,2,0,0,0,2
39719,0.0,37.0,2016.0,3.0,12.0,0.0,2.0,2.0,0.0,10.0,0.0,0.0,0.0,1.0,9.0,0.0,84.45,0.0,1.0,3,3.0,2,0,0,0.0,0,0,0,0,1
40157,0.0,32.0,2016.0,6.0,5.0,2.0,3.0,2.0,0.0,1.0,0.0,0.0,0.0,4.0,9.0,0.0,80.3,0.0,1.0,0,0.0,2,0,0,1.0,0,0,0,0,2
41362,1.0,108.0,2016.0,12.0,19.0,2.0,1.0,2.0,0.0,1.0,0.0,0.0,0.0,1.0,9.0,0.0,116.0,0.0,2.0,3,3.0,2,1,0,2.0,0,0,0,0,2
41512,1.0,27.0,2016.0,13.0,22.0,0.0,4.0,2.0,2.0,1.0,0.0,0.0,0.0,1.0,14.0,0.0,277.5,0.0,0.0,6,6.0,2,1,0,2.0,0,0,3,1,2
42394,0.0,101.0,2016.0,15.0,9.0,2.0,4.0,2.0,0.0,1.0,0.0,0.0,0.0,1.0,9.0,0.0,85.28,0.0,2.0,0,0.0,2,0,0,3.0,0,0,0,0,2
43185,1.0,66.0,2016.0,17.0,23.0,1.0,1.0,2.0,0.0,1.0,0.0,0.0,0.0,2.0,9.0,0.0,148.5,0.0,0.0,0,0.0,2,1,0,3.0,1,0,0,0,2
43345,1.0,166.0,2016.0,18.0,27.0,0.0,4.0,2.0,0.0,1.0,0.0,0.0,0.0,0.0,14.0,0.0,80.75,0.0,2.0,0,0.0,2,1,0,3.0,0,0,3,1,1
43474,1.0,23.0,2016.0,18.0,29.0,1.0,2.0,2.0,0.0,1.0,0.0,0.0,0.0,1.0,9.0,0.0,137.67,0.0,2.0,0,0.0,2,1,0,3.0,0,0,0,0,2
43477,1.0,2.0,2016.0,18.0,29.0,1.0,2.0,2.0,0.0,1.0,0.0,0.0,0.0,0.0,52.0,0.0,95.0,0.0,1.0,0,0.0,2,1,0,3.0,0,0,1,0,1
43567,1.0,118.0,2016.0,19.0,1.0,2.0,5.0,2.0,0.0,1.0,0.0,0.0,0.0,1.0,9.0,0.0,107.95,0.0,3.0,3,3.0,2,1,0,4.0,0,0,0,0,2
43803,1.0,103.0,2016.0,19.0,5.0,2.0,5.0,2.0,0.0,1.0,0.0,0.0,0.0,2.0,14.0,0.0,104.79,0.0,2.0,0,0.0,2,2,0,4.0,0,0,3,1,2
45956,1.0,0.0,2016.0,25.0,13.0,1.0,2.0,2.0,0.0,1.0,0.0,0.0,0.0,0.0,28.0,0.0,80.75,0.0,1.0,0,0.0,2,2,0,5.0,0,0,1,0,1
46734,1.0,103.0,2016.0,27.0,26.0,2.0,1.0,2.0,0.0,1.0,0.0,0.0,0.0,1.0,83.0,0.0,77.29,0.0,1.0,0,0.0,2,1,0,5.0,0,0,1,0,1
46939,1.0,45.0,2016.0,27.0,30.0,1.0,3.0,2.0,0.0,1.0,0.0,0.0,0.0,2.0,9.0,0.0,126.9,0.0,1.0,0,0.0,2,1,0,5.0,0,0,0,0,2
47128,1.0,133.0,2016.0,28.0,6.0,0.0,4.0,2.0,0.0,1.0,0.0,0.0,0.0,2.0,9.0,0.0,123.25,0.0,1.0,0,0.0,3,1,0,6.0,0,0,0,0,2
47625,1.0,61.0,2016.0,30.0,18.0,3.0,8.0,2.0,0.0,1.0,0.0,0.0,0.0,0.0,2.0,1.0,139.34,0.0,1.0,4,4.0,2,1,0,6.0,0,0,1,0,1
47744,1.0,193.0,2016.0,30.0,22.0,0.0,1.0,2.0,2.0,1.0,0.0,0.0,0.0,1.0,14.0,0.0,171.9,0.0,1.0,5,5.0,2,1,0,6.0,0,0,3,1,2
47806,1.0,10.0,2016.0,31.0,24.0,1.0,0.0,2.0,0.0,1.0,0.0,0.0,0.0,1.0,9.0,0.0,160.0,0.0,1.0,0,0.0,2,1,0,6.0,0,0,0,0,2
48887,1.0,167.0,2016.0,35.0,21.0,2.0,0.0,2.0,0.0,1.0,0.0,0.0,0.0,4.0,9.0,0.0,119.7,0.0,1.0,0,0.0,2,1,0,7.0,0,0,0,0,2
49027,1.0,95.0,2016.0,35.0,24.0,2.0,4.0,2.0,0.0,1.0,0.0,0.0,0.0,1.0,9.0,0.0,131.4,0.0,1.0,3,3.0,2,2,0,7.0,0,0,0,0,2
49212,1.0,207.0,2016.0,36.0,29.0,1.0,3.0,2.0,0.0,1.0,0.0,0.0,0.0,1.0,9.0,0.0,123.25,0.0,1.0,0,0.0,2,1,0,7.0,0,0,0,0,2
50493,1.0,61.0,2016.0,40.0,25.0,2.0,1.0,2.0,0.0,1.0,0.0,0.0,0.0,1.0,9.0,0.0,152.1,0.0,1.0,0,0.0,2,1,0,8.0,0,0,0,0,2
52330,1.0,93.0,2016.0,43.0,22.0,2.0,5.0,2.0,0.0,1.0,0.0,0.0,0.0,1.0,9.0,0.0,150.56,0.0,1.0,3,3.0,2,1,0,9.0,1,0,0,0,0
53692,1.0,62.0,2016.0,47.0,16.0,0.0,4.0,2.0,0.0,1.0,0.0,0.0,0.0,1.0,9.0,0.0,88.4,0.0,3.0,0,0.0,2,1,0,10.0,0,0,0,0,2
53752,1.0,30.0,2016.0,47.0,18.0,0.0,1.0,2.0,0.0,1.0,0.0,0.0,0.0,1.0,9.0,0.0,88.0,0.0,1.0,0,0.0,2,1,0,10.0,2,0,0,0,2
53846,1.0,33.0,2016.0,47.0,19.0,2.0,6.0,2.0,0.0,1.0,0.0,0.0,0.0,1.0,9.0,0.0,147.9,0.0,2.0,5,5.0,2,1,0,10.0,0,0,0,0,2
54238,1.0,46.0,2016.0,49.0,2.0,1.0,2.0,2.0,0.0,1.0,0.0,0.0,0.0,1.0,9.0,0.0,102.6,0.0,1.0,3,3.0,2,1,0,11.0,0,0,0,0,2
54306,1.0,51.0,2016.0,50.0,4.0,2.0,2.0,2.0,0.0,1.0,0.0,0.0,0.0,0.0,28.0,0.0,68.0,0.0,1.0,0,0.0,2,1,0,11.0,0,0,1,0,1
54820,1.0,158.0,2016.0,52.0,24.0,1.0,1.0,2.0,0.0,1.0,0.0,0.0,0.0,1.0,9.0,0.0,79.2,0.0,1.0,0,0.0,2,1,0,11.0,2,0,0,0,2
54905,1.0,90.0,2016.0,53.0,26.0,1.0,4.0,2.0,0.0,1.0,0.0,0.0,0.0,1.0,9.0,0.0,88.74,0.0,0.0,0,0.0,2,1,0,11.0,2,0,0,0,2
54929,1.0,36.0,2016.0,53.0,27.0,0.0,1.0,2.0,0.0,1.0,0.0,0.0,0.0,2.0,9.0,0.0,88.0,0.0,1.0,0,4.0,2,1,0,11.0,2,0,0,0,2
54984,1.0,0.0,2016.0,53.0,28.0,0.0,1.0,2.0,2.0,1.0,0.0,0.0,0.0,1.0,14.0,0.0,198.0,0.0,3.0,6,6.0,2,1,0,11.0,0,0,3,1,1
55707,1.0,60.0,2017.0,3.0,17.0,0.0,4.0,2.0,1.0,1.0,0.0,0.0,0.0,1.0,9.0,0.0,105.4,0.0,2.0,0,4.0,2,1,0,0.0,0,0,0,0,2
56291,1.0,187.0,2017.0,5.0,1.0,2.0,5.0,2.0,0.0,1.0,0.0,0.0,0.0,1.0,9.0,0.0,74.8,0.0,0.0,0,0.0,2,1,0,1.0,2,0,0,0,2
57640,1.0,154.0,2017.0,11.0,12.0,2.0,2.0,2.0,0.0,1.0,0.0,0.0,0.0,1.0,9.0,0.0,88.4,0.0,0.0,0,0.0,2,1,0,2.0,0,0,0,0,2
59140,1.0,159.0,2017.0,15.0,13.0,0.0,3.0,2.0,0.0,1.0,0.0,0.0,0.0,1.0,9.0,0.0,117.0,0.0,1.0,0,0.0,2,1,0,3.0,2,0,0,0,2
60179,1.0,186.0,2017.0,17.0,28.0,1.0,2.0,2.0,0.0,1.0,0.0,0.0,0.0,1.0,9.0,0.0,130.5,0.0,2.0,3,3.0,2,1,0,3.0,0,0,0,0,2
60857,1.0,190.0,2017.0,18.0,6.0,2.0,2.0,2.0,0.0,1.0,0.0,0.0,0.0,1.0,9.0,0.0,117.0,0.0,3.0,0,0.0,2,1,0,4.0,0,0,0,0,2
62521,1.0,63.0,2017.0,22.0,30.0,0.0,3.0,2.0,0.0,1.0,0.0,0.0,0.0,0.0,168.0,0.0,98.1,0.0,2.0,3,3.0,2,1,0,4.0,0,0,1,0,1
63346,1.0,49.0,2017.0,24.0,12.0,1.0,3.0,2.0,0.0,1.0,0.0,0.0,0.0,0.0,21.0,0.0,89.1,0.0,0.0,0,0.0,2,1,0,5.0,0,0,1,0,1
63805,1.0,41.0,2017.0,25.0,21.0,0.0,4.0,2.0,0.0,1.0,0.0,0.0,0.0,1.0,9.0,0.0,140.0,0.0,2.0,0,0.0,2,1,0,5.0,2,0,0,0,2
64270,1.0,106.0,2017.0,26.0,29.0,0.0,1.0,1.0,0.0,1.0,0.0,0.0,0.0,1.0,14.0,0.0,121.5,0.0,1.0,1,1.0,2,1,0,5.0,0,0,3,1,2
64458,1.0,151.0,2017.0,27.0,3.0,1.0,3.0,2.0,1.0,1.0,0.0,0.0,0.0,0.0,132.0,0.0,104.0,0.0,0.0,0,0.0,2,1,0,6.0,0,0,1,0,1
64471,1.0,237.0,2017.0,27.0,3.0,3.0,8.0,2.0,0.0,1.0,0.0,0.0,0.0,1.0,9.0,0.0,120.6,0.0,2.0,3,3.0,2,1,0,6.0,0,0,0,0,2
65845,1.0,164.0,2017.0,31.0,4.0,2.0,7.0,2.0,0.0,1.0,0.0,0.0,0.0,0.0,22.0,0.0,67.15,0.0,2.0,0,0.0,2,1,0,7.0,2,0,1,0,1
66048,1.0,188.0,2017.0,32.0,10.0,1.0,3.0,2.0,1.0,1.0,0.0,0.0,0.0,1.0,7.0,0.0,207.33,0.0,2.0,6,6.0,2,1,0,7.0,0,0,0,0,1
69848,0.0,217.0,2015.0,32.0,7.0,0.0,1.0,2.0,0.0,1.0,0.0,0.0,0.0,1.0,8.0,0.0,76.5,0.0,2.0,1,1.0,3,0,0,7.0,0,0,0,0,1
69927,0.0,158.0,2015.0,32.0,7.0,2.0,5.0,2.0,0.0,1.0,0.0,0.0,0.0,1.0,9.0,0.0,76.5,0.0,2.0,0,0.0,2,0,0,7.0,0,0,0,0,0
70432,1.0,105.0,2015.0,53.0,29.0,0.0,4.0,2.0,0.0,1.0,0.0,1.0,0.0,0.0,8.0,0.0,85.0,0.0,3.0,0,0.0,2,1,0,11.0,0,0,0,0,1
70511,0.0,19.0,2015.0,41.0,6.0,0.0,3.0,2.0,0.0,1.0,1.0,0.0,0.0,1.0,82.0,0.0,90.0,0.0,0.0,0,0.0,3,0,0,9.0,0,0,1,0,1
70563,1.0,1.0,2015.0,39.0,20.0,2.0,3.0,2.0,0.0,1.0,0.0,0.0,0.0,0.0,7.0,0.0,111.65,0.0,2.0,0,0.0,1,2,0,8.0,0,0,0,0,1
70650,1.0,18.0,2015.0,41.0,7.0,0.0,2.0,2.0,0.0,1.0,0.0,1.0,0.0,0.0,28.0,0.0,85.0,0.0,0.0,0,0.0,2,1,0,9.0,0,0,1,0,1
70842,0.0,3.0,2015.0,39.0,20.0,2.0,3.0,2.0,0.0,1.0,0.0,0.0,0.0,0.0,14.0,0.0,133.0,0.0,2.0,0,0.0,2,0,0,8.0,0,0,3,1,0
70843,0.0,0.0,2015.0,39.0,21.0,1.0,3.0,2.0,0.0,1.0,0.0,0.0,0.0,0.0,7.0,0.0,111.65,0.0,2.0,0,0.0,1,0,0,8.0,0,0,0,0,2
71196,0.0,13.0,2015.0,40.0,30.0,0.0,3.0,2.0,0.0,1.0,0.0,0.0,0.0,0.0,14.0,0.0,101.33,0.0,2.0,0,0.0,2,0,0,8.0,0,0,3,1,2
71271,0.0,224.0,2015.0,40.0,2.0,1.0,2.0,2.0,0.0,1.0,0.0,0.0,0.0,1.0,3.0,0.0,65.0,0.0,1.0,0,3.0,3,0,0,9.0,0,0,1,0,2
71449,1.0,88.0,2015.0,53.0,29.0,0.0,4.0,2.0,0.0,1.0,0.0,1.0,0.0,0.0,8.0,0.0,91.16,0.0,1.0,0,0.0,2,1,0,11.0,0,0,0,0,1
71740,1.0,16.0,2015.0,43.0,18.0,2.0,2.0,2.0,2.0,1.0,0.0,1.0,0.0,0.0,9.0,0.0,196.0,0.0,1.0,5,5.0,0,1,0,9.0,0,0,0,0,1
71756,0.0,11.0,2015.0,42.0,11.0,2.0,1.0,1.0,0.0,9.0,0.0,0.0,0.0,1.0,95.0,0.0,95.0,0.0,0.0,0,1.0,3,0,0,9.0,0,0,4,2,0
72022,1.0,30.0,2015.0,45.0,1.0,2.0,2.0,2.0,1.0,1.0,0.0,1.0,0.0,0.0,14.0,0.0,129.3,0.0,3.0,4,4.0,2,1,0,10.0,0,0,3,1,1
72762,0.0,44.0,2015.0,44.0,31.0,0.0,1.0,2.0,0.0,1.0,0.0,0.0,0.0,0.0,9.0,0.0,96.3,0.0,3.0,0,0.0,0,0,0,9.0,0,0,0,0,2
72853,0.0,33.0,2015.0,44.0,31.0,2.0,2.0,2.0,0.0,1.0,0.0,0.0,0.0,0.0,28.0,0.0,63.75,0.0,1.0,3,3.0,1,0,0,9.0,0,0,1,0,2
72918,0.0,40.0,2015.0,45.0,1.0,2.0,3.0,2.0,0.0,1.0,0.0,0.0,0.0,0.0,28.0,0.0,60.0,0.0,1.0,3,3.0,2,0,0,10.0,0,0,1,0,2
73314,0.0,53.0,2015.0,46.0,9.0,1.0,4.0,2.0,0.0,1.0,0.0,0.0,0.0,0.0,14.0,0.0,64.6,0.0,3.0,0,3.0,2,0,0,10.0,0,0,3,1,2
73718,0.0,66.0,2015.0,47.0,17.0,0.0,4.0,2.0,0.0,1.0,0.0,0.0,0.0,0.0,9.0,0.0,81.9,0.0,3.0,3,3.0,2,0,0,10.0,0,0,0,0,2
74020,1.0,3.0,2015.0,48.0,28.0,0.0,1.0,2.0,0.0,1.0,0.0,0.0,0.0,1.0,83.0,0.0,77.6,0.0,0.0,3,3.0,2,2,0,10.0,0,0,1,0,1
74086,1.0,65.0,2015.0,49.0,2.0,4.0,14.0,1.0,2.0,1.0,0.0,0.0,0.0,0.0,14.0,0.0,178.0,0.0,1.0,5,5.0,2,2,0,11.0,0,0,3,1,1
74087,0.0,9.0,2015.0,48.0,25.0,2.0,5.0,2.0,0.0,1.0,0.0,0.0,0.0,1.0,14.0,0.0,89.81,0.0,3.0,0,3.0,2,0,0,10.0,0,0,3,1,2
74377,0.0,40.0,2015.0,49.0,5.0,2.0,1.0,2.0,0.0,1.0,0.0,0.0,0.0,1.0,22.0,0.0,73.8,0.0,1.0,3,3.0,2,0,0,11.0,0,0,1,0,2
74381,0.0,12.0,2015.0,49.0,5.0,2.0,1.0,2.0,0.0,1.0,0.0,0.0,0.0,0.0,28.0,0.0,64.0,0.0,1.0,0,3.0,2,0,0,11.0,0,0,1,0,2
74454,0.0,1.0,2015.0,49.0,5.0,2.0,2.0,2.0,0.0,1.0,0.0,0.0,0.0,0.0,83.0,0.0,72.0,0.0,1.0,0,0.0,2,0,0,11.0,0,0,1,0,0
74463,0.0,4.0,2015.0,49.0,5.0,2.0,2.0,2.0,0.0,1.0,0.0,0.0,0.0,0.0,83.0,0.0,81.6,0.0,2.0,0,3.0,0,0,0,11.0,0,0,1,0,2
74475,1.0,22.0,2015.0,50.0,9.0,1.0,4.0,0.0,2.0,1.0,0.0,0.0,0.0,1.0,14.0,0.0,80.75,0.0,1.0,1,1.0,2,2,0,11.0,0,0,3,1,1
74582,0.0,4.0,2015.0,50.0,11.0,0.0,1.0,2.0,2.0,1.0,0.0,0.0,0.0,0.0,45.0,0.0,0.0,0.0,0.0,1,1.0,2,0,0,11.0,0,0,5,1,1
74585,0.0,9.0,2016.0,37.0,7.0,0.0,1.0,2.0,0.0,1.0,1.0,0.0,3.0,0.0,45.0,0.0,0.0,0.0,1.0,1,1.0,2,0,0,8.0,0,0,5,1,1
74587,0.0,14.0,2016.0,38.0,12.0,1.0,0.0,2.0,0.0,1.0,1.0,0.0,5.0,1.0,45.0,0.0,0.0,0.0,1.0,1,1.0,2,0,0,8.0,0,0,5,1,1
75404,0.0,72.0,2015.0,52.0,24.0,0.0,3.0,2.0,0.0,1.0,0.0,0.0,0.0,1.0,14.0,0.0,85.5,0.0,1.0,0,0.0,2,0,0,11.0,0,0,3,1,2
75433,1.0,1.0,2015.0,53.0,29.0,0.0,4.0,2.0,0.0,1.0,0.0,0.0,0.0,2.0,29.0,0.0,72.5,0.0,2.0,1,1.0,2,1,0,11.0,0,0,2,0,1
75523,0.0,17.0,2015.0,52.0,26.0,2.0,2.0,2.0,0.0,1.0,0.0,0.0,0.0,1.0,83.0,0.0,60.0,0.0,1.0,0,0.0,2,0,0,11.0,0,0,1,0,2
75606,0.0,78.0,2015.0,53.0,29.0,0.0,3.0,2.0,0.0,1.0,0.0,0.0,0.0,1.0,14.0,0.0,72.2,0.0,2.0,0,0.0,2,0,0,11.0,0,0,3,1,1
75637,0.0,103.0,2015.0,53.0,29.0,0.0,4.0,2.0,0.0,1.0,0.0,0.0,0.0,0.0,14.0,0.0,117.25,0.0,3.0,0,0.0,2,0,0,11.0,0,0,3,1,2
75656,0.0,1.0,2015.0,53.0,29.0,0.0,4.0,2.0,2.0,1.0,0.0,0.0,0.0,2.0,29.0,0.0,145.0,0.0,1.0,1,6.0,2,0,0,11.0,0,0,2,0,2
75714,0.0,50.0,2015.0,53.0,31.0,0.0,3.0,2.0,0.0,1.0,0.0,0.0,0.0,1.0,3.0,0.0,71.33,0.0,0.0,0,0.0,3,0,0,11.0,0,0,1,0,2
76378,0.0,53.0,2016.0,5.0,24.0,2.0,1.0,2.0,0.0,1.0,0.0,0.0,0.0,0.0,28.0,0.0,60.0,0.0,1.0,0,3.0,2,0,0,0.0,0,0,1,0,2
76407,0.0,0.0,2016.0,5.0,24.0,2.0,2.0,2.0,0.0,1.0,0.0,0.0,0.0,2.0,83.0,0.0,68.4,0.0,1.0,3,3.0,2,0,0,0.0,0,0,1,0,0
76527,0.0,19.0,2016.0,5.0,29.0,1.0,2.0,2.0,0.0,1.0,0.0,0.0,0.0,1.0,9.0,0.0,89.3,0.0,2.0,0,0.0,2,0,0,0.0,0,0,0,0,2
76596,0.0,2.0,2016.0,6.0,1.0,1.0,3.0,2.0,0.0,1.0,0.0,0.0,0.0,1.0,9.0,0.0,93.0,0.0,2.0,0,3.0,2,0,0,1.0,0,0,0,0,2
76623,0.0,7.0,2016.0,6.0,5.0,0.0,1.0,2.0,0.0,1.0,0.0,0.0,0.0,1.0,9.0,0.0,81.0,0.0,2.0,0,0.0,2,0,0,1.0,2,0,0,0,1
77176,0.0,3.0,2016.0,8.0,15.0,1.0,3.0,2.0,0.0,1.0,0.0,0.0,0.0,1.0,9.0,0.0,106.0,0.0,2.0,3,3.0,2,0,0,1.0,0,0,0,0,0
77387,0.0,8.0,2016.0,8.0,18.0,1.0,3.0,2.0,0.0,1.0,0.0,0.0,0.0,1.0,121.0,0.0,72.0,0.0,1.0,0,3.0,2,0,0,1.0,0,0,1,0,2
77577,0.0,45.0,2016.0,9.0,21.0,2.0,4.0,2.0,0.0,1.0,0.0,0.0,0.0,1.0,14.0,0.0,65.75,0.0,1.0,0,3.0,2,0,0,1.0,0,0,3,1,2
77589,0.0,35.0,2016.0,9.0,24.0,0.0,3.0,2.0,0.0,1.0,0.0,0.0,0.0,1.0,9.0,0.0,93.63,0.0,1.0,0,0.0,2,0,0,1.0,0,0,0,0,2
77630,0.0,37.0,2016.0,9.0,25.0,0.0,3.0,2.0,1.0,1.0,0.0,0.0,0.0,3.0,14.0,0.0,144.9,0.0,1.0,5,5.0,2,0,0,1.0,0,0,3,1,2
77942,0.0,3.0,2016.0,10.0,29.0,1.0,3.0,2.0,1.0,1.0,0.0,0.0,0.0,0.0,9.0,0.0,183.0,0.0,1.0,5,5.0,2,0,0,1.0,0,0,0,0,2
78398,0.0,27.0,2016.0,11.0,10.0,0.0,3.0,2.0,0.0,1.0,0.0,0.0,0.0,1.0,9.0,0.0,111.33,0.0,2.0,3,3.0,2,0,0,2.0,0,0,0,0,2
78554,0.0,30.0,2016.0,12.0,13.0,2.0,1.0,2.0,0.0,1.0,0.0,0.0,0.0,0.0,28.0,0.0,85.0,0.0,0.0,0,3.0,2,0,0,2.0,0,0,1,0,2
78815,0.0,1.0,2016.0,12.0,17.0,0.0,3.0,2.0,0.0,1.0,0.0,0.0,0.0,1.0,9.0,0.0,119.67,0.0,2.0,0,0.0,2,0,0,2.0,0,0,0,0,1
78927,0.0,52.0,2016.0,12.0,19.0,2.0,1.0,2.0,0.0,1.0,0.0,0.0,0.0,0.0,83.0,0.0,107.0,0.0,1.0,0,0.0,2,0,0,2.0,1,0,1,0,2
79087,0.0,27.0,2016.0,13.0,21.0,1.0,3.0,2.0,0.0,1.0,0.0,0.0,0.0,1.0,138.0,0.0,62.8,0.0,0.0,0,0.0,2,0,0,2.0,2,0,1,0,2
79171,0.0,37.0,2016.0,13.0,23.0,0.0,4.0,2.0,0.0,1.0,0.0,0.0,0.0,1.0,138.0,0.0,64.8,0.0,1.0,0,0.0,2,0,0,2.0,2,0,1,0,2
79180,0.0,36.0,2016.0,13.0,24.0,0.0,3.0,2.0,1.0,1.0,0.0,0.0,0.0,3.0,14.0,0.0,161.7,1.0,2.0,4,4.0,2,0,0,2.0,0,0,3,1,2
79501,0.0,3.0,2016.0,14.0,30.0,0.0,3.0,2.0,2.0,1.0,0.0,0.0,0.0,1.0,9.0,0.0,253.67,0.0,2.0,5,5.0,2,0,0,2.0,1,0,0,0,1
79509,0.0,46.0,2016.0,14.0,29.0,0.0,5.0,2.0,0.0,1.0,0.0,0.0,0.0,0.0,28.0,0.0,75.0,0.0,2.0,0,3.0,3,0,0,2.0,0,0,1,0,1
79537,0.0,56.0,2016.0,14.0,30.0,0.0,4.0,2.0,0.0,1.0,0.0,0.0,0.0,1.0,14.0,0.0,84.65,1.0,1.0,0,0.0,2,0,0,2.0,0,0,3,1,2
80108,0.0,83.0,2016.0,16.0,10.0,2.0,1.0,2.0,0.0,1.0,0.0,0.0,0.0,1.0,9.0,0.0,96.3,0.0,2.0,0,0.0,2,0,0,3.0,0,0,0,0,1
80409,0.0,33.0,2016.0,16.0,14.0,1.0,3.0,2.0,0.0,1.0,0.0,0.0,0.0,1.0,9.0,0.0,126.0,0.0,1.0,0,0.0,2,0,0,3.0,0,0,0,0,2
80727,0.0,5.0,2016.0,17.0,22.0,0.0,1.0,2.0,1.0,1.0,0.0,0.0,0.0,1.0,9.0,0.0,167.0,0.0,1.0,0,4.0,2,0,0,3.0,0,0,0,0,1
81327,0.0,12.0,2016.0,19.0,2.0,1.0,0.0,2.0,0.0,1.0,0.0,0.0,0.0,1.0,9.0,0.0,141.0,0.0,2.0,0,0.0,2,0,0,4.0,0,0,0,0,2
81469,0.0,103.0,2016.0,19.0,1.0,2.0,2.0,2.0,0.0,1.0,0.0,0.0,0.0,1.0,8.0,0.0,99.45,0.0,2.0,0,0.0,2,0,0,4.0,0,0,0,0,2
81724,0.0,30.0,2016.0,20.0,8.0,1.0,0.0,2.0,0.0,1.0,0.0,0.0,0.0,1.0,14.0,0.0,170.0,1.0,0.0,3,3.0,2,0,0,4.0,0,0,3,1,0
82846,0.0,123.0,2016.0,22.0,22.0,2.0,2.0,2.0,0.0,1.0,0.0,0.0,0.0,1.0,9.0,0.0,107.95,0.0,2.0,3,3.0,3,0,0,4.0,0,0,0,0,2
83133,0.0,1.0,2016.0,23.0,31.0,0.0,1.0,2.0,0.0,1.0,0.0,0.0,0.0,1.0,9.0,0.0,155.0,1.0,2.0,3,3.0,2,0,0,4.0,0,0,0,0,1
83225,0.0,45.0,2016.0,23.0,1.0,0.0,1.0,2.0,0.0,1.0,0.0,0.0,0.0,1.0,9.0,0.0,125.1,0.0,2.0,0,0.0,2,0,0,5.0,0,0,0,0,2
83338,0.0,26.0,2016.0,23.0,1.0,0.0,3.0,2.0,0.0,1.0,0.0,0.0,0.0,1.0,9.0,0.0,153.67,0.0,2.0,3,3.0,2,0,0,5.0,0,0,0,0,2
83890,0.0,14.0,2016.0,24.0,9.0,0.0,3.0,0.0,2.0,1.0,0.0,0.0,0.0,2.0,9.0,0.0,116.49,0.0,2.0,1,1.0,2,0,0,5.0,0,0,0,0,2
83940,0.0,0.0,2016.0,25.0,12.0,1.0,0.0,2.0,0.0,1.0,0.0,0.0,0.0,2.0,28.0,0.0,80.75,0.0,0.0,0,3.0,2,0,0,5.0,0,0,1,0,2
84352,0.0,150.0,2016.0,25.0,16.0,0.0,3.0,2.0,0.0,1.0,0.0,0.0,0.0,1.0,12.0,0.0,90.0,0.0,2.0,0,0.0,3,0,0,5.0,1,0,1,0,2
84368,0.0,238.0,2016.0,25.0,18.0,0.0,1.0,2.0,1.0,1.0,0.0,0.0,0.0,1.0,9.0,0.0,178.2,1.0,1.0,5,5.0,2,0,0,5.0,0,0,0,0,0
84380,0.0,23.0,2016.0,25.0,17.0,0.0,2.0,2.0,0.0,1.0,0.0,0.0,0.0,1.0,9.0,0.0,160.5,0.0,2.0,3,3.0,2,0,0,5.0,0,0,0,0,2
84600,0.0,18.0,2016.0,26.0,21.0,0.0,3.0,2.0,0.0,1.0,0.0,0.0,0.0,4.0,215.0,0.0,100.0,0.0,0.0,0,0.0,3,0,0,5.0,0,0,4,2,1
85114,0.0,1.0,2016.0,27.0,28.0,0.0,1.0,1.0,0.0,1.0,0.0,0.0,0.0,1.0,9.0,0.0,133.0,0.0,2.0,0,0.0,2,0,0,5.0,0,0,0,0,2
85179,0.0,11.0,2016.0,27.0,26.0,2.0,2.0,2.0,0.0,1.0,0.0,0.0,0.0,2.0,83.0,0.0,156.8,0.0,3.0,3,4.0,2,0,0,5.0,0,0,1,0,2
85594,0.0,51.0,2016.0,28.0,3.0,2.0,2.0,2.0,1.0,1.0,0.0,0.0,0.0,1.0,9.0,0.0,150.3,0.0,3.0,0,4.0,2,0,0,6.0,0,0,0,0,1
85780,0.0,44.0,2016.0,28.0,9.0,0.0,1.0,2.0,1.0,1.0,0.0,0.0,0.0,1.0,9.0,0.0,131.4,0.0,1.0,3,3.0,2,0,0,6.0,0,0,0,0,2
85956,0.0,152.0,2016.0,29.0,11.0,1.0,1.0,2.0,0.0,1.0,0.0,0.0,0.0,2.0,9.0,0.0,119.0,0.0,2.0,0,0.0,3,0,0,6.0,0,0,0,0,1
85957,0.0,152.0,2016.0,29.0,11.0,1.0,1.0,2.0,0.0,1.0,0.0,0.0,0.0,2.0,9.0,0.0,119.0,0.0,2.0,0,0.0,3,0,0,6.0,0,0,0,0,2
86008,0.0,69.0,2016.0,29.0,11.0,1.0,2.0,2.0,1.0,1.0,0.0,0.0,0.0,1.0,247.0,0.0,140.0,0.0,3.0,4,4.0,2,0,0,6.0,0,0,3,0,1
86311,0.0,96.0,2016.0,29.0,16.0,2.0,1.0,2.0,0.0,1.0,0.0,0.0,0.0,1.0,7.0,0.0,81.08,0.0,2.0,0,0.0,2,0,0,6.0,0,0,0,0,2
86481,0.0,41.0,2016.0,30.0,19.0,0.0,2.0,2.0,0.0,1.0,0.0,0.0,0.0,2.0,9.0,0.0,161.1,1.0,2.0,0,0.0,2,0,0,6.0,1,0,0,0,2
87016,0.0,178.0,2016.0,30.0,23.0,2.0,4.0,2.0,0.0,1.0,0.0,0.0,0.0,3.0,9.0,0.0,132.25,1.0,2.0,0,0.0,2,0,0,6.0,1,0,0,0,2
87134,0.0,14.0,2016.0,31.0,29.0,0.0,1.0,2.0,0.0,1.0,0.0,0.0,0.0,1.0,14.0,0.0,84.15,0.0,1.0,0,0.0,2,0,0,6.0,0,0,3,1,0
87154,0.0,0.0,2016.0,31.0,29.0,0.0,1.0,2.0,0.0,1.0,0.0,0.0,0.0,1.0,9.0,0.0,121.0,0.0,2.0,0,0.0,2,0,0,6.0,0,0,0,0,2
87163,0.0,4.0,2016.0,31.0,27.0,0.0,4.0,2.0,0.0,2.0,0.0,0.0,0.0,2.0,9.0,0.0,176.0,0.0,2.0,3,3.0,2,0,0,6.0,0,0,0,0,2
87350,0.0,153.0,2016.0,32.0,1.0,1.0,0.0,2.0,0.0,1.0,0.0,0.0,0.0,3.0,9.0,0.0,105.3,0.0,2.0,0,0.0,2,0,0,7.0,0,0,0,0,2
87547,0.0,174.0,2016.0,32.0,2.0,0.0,2.0,3.0,0.0,1.0,0.0,0.0,0.0,1.0,9.0,0.0,166.7,0.0,2.0,3,5.0,2,0,0,7.0,0,0,0,0,2
87699,0.0,10.0,2016.0,32.0,5.0,0.0,2.0,2.0,1.0,1.0,0.0,0.0,0.0,1.0,9.0,0.0,186.0,0.0,1.0,3,4.0,2,0,0,7.0,0,0,0,0,1
88016,0.0,118.0,2016.0,33.0,11.0,0.0,1.0,2.0,0.0,1.0,0.0,0.0,0.0,1.0,9.0,0.0,114.3,0.0,1.0,0,1.0,2,0,0,7.0,0,0,0,0,2
88444,0.0,210.0,2016.0,34.0,16.0,0.0,2.0,2.0,0.0,1.0,0.0,0.0,0.0,4.0,9.0,0.0,90.0,0.0,2.0,0,0.0,2,0,0,7.0,2,0,0,0,2
88468,0.0,28.0,2016.0,34.0,14.0,2.0,2.0,2.0,0.0,1.0,0.0,0.0,0.0,1.0,14.0,0.0,187.0,0.0,0.0,4,3.0,2,0,0,7.0,0,0,3,1,2
88532,0.0,24.0,2016.0,34.0,14.0,2.0,3.0,2.0,1.0,1.0,0.0,0.0,0.0,0.0,14.0,0.0,242.0,1.0,3.0,4,4.0,2,0,0,7.0,1,0,3,1,2
88540,0.0,16.0,2016.0,34.0,18.0,0.0,1.0,2.0,0.0,1.0,0.0,0.0,0.0,1.0,14.0,0.0,158.95,0.0,0.0,4,8.0,2,0,0,7.0,0,0,3,1,2
88597,0.0,210.0,2016.0,34.0,17.0,0.0,3.0,2.0,1.0,1.0,0.0,0.0,0.0,2.0,9.0,0.0,108.3,0.0,3.0,3,3.0,2,0,0,7.0,0,0,0,0,2
88618,0.0,17.0,2016.0,34.0,19.0,0.0,1.0,2.0,0.0,1.0,0.0,0.0,0.0,1.0,14.0,0.0,118.15,0.0,0.0,0,3.0,2,0,0,7.0,0,0,3,1,1
88943,0.0,110.0,2016.0,35.0,23.0,0.0,2.0,2.0,0.0,1.0,0.0,0.0,0.0,1.0,9.0,0.0,142.2,1.0,1.0,3,3.0,2,0,0,7.0,0,0,0,0,2
88957,0.0,21.0,2016.0,35.0,21.0,2.0,2.0,2.0,0.0,1.0,0.0,0.0,0.0,1.0,9.0,0.0,160.0,0.0,2.0,0,0.0,2,0,0,7.0,0,0,0,0,2
88975,0.0,1.0,2016.0,35.0,24.0,0.0,1.0,2.0,0.0,1.0,0.0,0.0,0.0,1.0,9.0,0.0,119.0,0.0,2.0,0,0.0,2,0,0,7.0,2,0,0,0,2
89052,0.0,2.0,2016.0,35.0,24.0,0.0,2.0,2.0,0.0,1.0,0.0,0.0,0.0,1.0,9.0,0.0,164.0,0.0,1.0,3,3.0,2,0,0,7.0,0,0,0,0,1
89104,0.0,0.0,2016.0,35.0,27.0,0.0,1.0,2.0,2.0,1.0,0.0,0.0,0.0,1.0,9.0,0.0,168.3,0.0,2.0,5,5.0,2,0,0,7.0,0,0,0,0,2
89502,0.0,31.0,2016.0,36.0,30.0,0.0,3.0,2.0,0.0,1.0,0.0,0.0,0.0,1.0,9.0,0.0,108.0,0.0,1.0,0,0.0,2,0,0,7.0,2,0,0,0,2
89641,0.0,30.0,2016.0,36.0,2.0,0.0,2.0,2.0,1.0,1.0,0.0,0.0,0.0,1.0,9.0,0.0,233.1,0.0,1.0,5,5.0,2,0,0,8.0,1,0,0,0,1
89788,0.0,68.0,2016.0,37.0,4.0,2.0,0.0,2.0,0.0,1.0,0.0,0.0,0.0,1.0,9.0,0.0,87.3,0.0,2.0,0,0.0,2,0,0,8.0,2,0,0,0,2
89837,0.0,14.0,2016.0,37.0,5.0,1.0,1.0,1.0,0.0,1.0,0.0,0.0,0.0,1.0,14.0,0.0,129.0,0.0,1.0,0,0.0,2,0,0,8.0,2,0,3,1,2
89962,0.0,66.0,2016.0,37.0,4.0,2.0,3.0,2.0,0.0,1.0,0.0,0.0,0.0,2.0,9.0,0.0,119.16,0.0,2.0,3,3.0,2,0,0,8.0,0,0,0,0,2
89963,0.0,35.0,2016.0,37.0,5.0,1.0,3.0,2.0,0.0,1.0,0.0,0.0,0.0,2.0,157.0,0.0,127.44,0.0,1.0,0,0.0,2,0,0,8.0,0,0,0,0,2
89966,0.0,66.0,2016.0,37.0,4.0,2.0,3.0,2.0,1.0,1.0,0.0,0.0,0.0,2.0,9.0,0.0,177.66,0.0,3.0,5,5.0,2,0,0,8.0,0,0,0,0,2
90286,0.0,13.0,2016.0,38.0,11.0,2.0,0.0,2.0,0.0,1.0,0.0,0.0,0.0,2.0,14.0,0.0,95.38,0.0,0.0,0,0.0,2,0,0,8.0,0,0,3,1,1
90334,0.0,7.0,2016.0,37.0,9.0,2.0,3.0,2.0,0.0,1.0,0.0,0.0,0.0,1.0,9.0,0.0,237.0,0.0,2.0,5,5.0,2,0,0,8.0,0,0,0,0,2
90354,0.0,40.0,2016.0,38.0,11.0,2.0,1.0,2.0,1.0,1.0,0.0,0.0,0.0,2.0,14.0,0.0,158.95,0.0,0.0,4,4.0,2,0,0,8.0,0,0,3,1,2
90518,0.0,217.0,2016.0,38.0,12.0,1.0,3.0,2.0,0.0,1.0,0.0,0.0,0.0,1.0,9.0,0.0,119.85,0.0,2.0,0,0.0,2,0,0,8.0,0,0,0,0,2
90611,0.0,0.0,2016.0,38.0,16.0,0.0,1.0,2.0,1.0,1.0,0.0,0.0,0.0,0.0,152.0,0.0,147.59,0.0,0.0,3,3.0,2,0,0,8.0,2,0,0,0,2
90715,0.0,26.0,2016.0,38.0,17.0,0.0,1.0,2.0,0.0,1.0,0.0,0.0,0.0,1.0,9.0,0.0,159.0,0.0,2.0,0,0.0,2,0,0,8.0,0,0,0,0,2
90875,0.0,10.0,2016.0,39.0,18.0,2.0,1.0,2.0,0.0,1.0,0.0,0.0,0.0,2.0,9.0,0.0,171.33,0.0,2.0,0,0.0,2,0,0,8.0,0,0,0,0,2
90876,0.0,10.0,2016.0,39.0,18.0,2.0,1.0,2.0,0.0,1.0,0.0,0.0,0.0,2.0,9.0,0.0,162.33,0.0,3.0,0,0.0,2,0,0,8.0,0,0,0,0,0
90935,0.0,53.0,2016.0,38.0,17.0,2.0,2.0,2.0,0.0,1.0,0.0,0.0,0.0,1.0,42.0,0.0,80.75,0.0,0.0,0,0.0,2,0,0,8.0,0,0,1,0,2
91001,0.0,11.0,2016.0,39.0,20.0,0.0,2.0,2.0,0.0,2.0,0.0,0.0,0.0,1.0,9.0,0.0,248.0,0.0,2.0,5,5.0,2,0,0,8.0,0,0,0,0,1
91547,0.0,12.0,2016.0,38.0,12.0,5.0,13.0,2.0,0.0,1.0,0.0,0.0,0.0,1.0,294.0,0.0,110.0,0.0,2.0,0,0.0,2,0,0,8.0,0,0,1,0,2
91712,0.0,11.0,2016.0,40.0,30.0,0.0,2.0,2.0,0.0,1.0,0.0,0.0,0.0,1.0,14.0,0.0,218.0,1.0,0.0,4,0.0,2,0,0,8.0,0,0,3,1,2
91793,0.0,91.0,2016.0,40.0,30.0,1.0,2.0,3.0,0.0,1.0,0.0,0.0,0.0,1.0,3.0,0.0,110.0,0.0,0.0,0,3.0,3,0,0,8.0,0,0,1,0,1
91852,0.0,11.0,2016.0,41.0,2.0,2.0,0.0,2.0,0.0,1.0,0.0,0.0,0.0,1.0,9.0,0.0,135.0,0.0,3.0,0,0.0,2,0,0,9.0,2,0,0,0,2
92074,0.0,21.0,2016.0,41.0,4.0,0.0,3.0,2.0,0.0,1.0,0.0,0.0,0.0,0.0,28.0,0.0,85.0,0.0,0.0,0,2.0,2,0,0,9.0,0,0,1,0,2
93189,0.0,27.0,2016.0,43.0,20.0,0.0,3.0,2.0,0.0,1.0,0.0,0.0,0.0,0.0,28.0,0.0,85.0,0.0,1.0,0,3.0,2,0,0,9.0,0,0,1,0,2
93406,0.0,96.0,2016.0,43.0,21.0,2.0,3.0,2.0,0.0,1.0,0.0,0.0,0.0,1.0,9.0,0.0,135.72,1.0,2.0,3,3.0,2,0,0,9.0,0,0,0,0,2
93446,0.0,116.0,2016.0,44.0,23.0,2.0,2.0,2.0,0.0,1.0,0.0,0.0,0.0,2.0,9.0,0.0,104.85,0.0,2.0,0,0.0,2,0,0,9.0,0,0,0,0,2
93547,0.0,217.0,2016.0,44.0,23.0,2.0,3.0,2.0,0.0,1.0,0.0,0.0,0.0,2.0,9.0,0.0,83.83,0.0,3.0,1,1.0,2,0,0,9.0,0,0,0,0,0
93700,0.0,0.0,2016.0,44.0,29.0,0.0,1.0,2.0,1.0,1.0,0.0,0.0,0.0,1.0,14.0,0.0,239.0,1.0,1.0,5,5.0,2,0,0,9.0,0,0,3,1,2
94010,0.0,68.0,2016.0,45.0,30.0,2.0,3.0,2.0,0.0,1.0,0.0,0.0,0.0,1.0,8.0,0.0,79.56,0.0,2.0,0,0.0,2,0,0,9.0,2,0,0,0,2
94253,0.0,74.0,2016.0,45.0,31.0,2.0,5.0,2.0,0.0,1.0,0.0,0.0,0.0,1.0,7.0,0.0,61.08,0.0,1.0,0,0.0,2,0,0,9.0,2,0,0,0,2
94281,0.0,42.0,2016.0,45.0,4.0,1.0,2.0,2.0,0.0,1.0,0.0,0.0,0.0,0.0,28.0,0.0,112.0,0.0,2.0,0,3.0,2,0,0,10.0,0,0,1,0,2
94590,0.0,67.0,2016.0,46.0,10.0,0.0,3.0,2.0,0.0,1.0,0.0,0.0,0.0,1.0,14.0,0.0,129.9,0.0,0.0,3,3.0,2,0,0,10.0,0,0,3,1,2
94892,0.0,50.0,2016.0,47.0,15.0,0.0,3.0,2.0,0.0,1.0,0.0,0.0,0.0,0.0,28.0,0.0,75.0,0.0,0.0,0,3.0,2,0,0,10.0,0,0,1,0,2
94939,0.0,3.0,2016.0,47.0,14.0,1.0,4.0,2.0,0.0,1.0,0.0,0.0,0.0,1.0,9.0,0.0,94.35,0.0,2.0,0,0.0,2,0,0,10.0,0,0,0,0,2
95143,0.0,0.0,2016.0,47.0,19.0,2.0,1.0,2.0,0.0,1.0,0.0,0.0,0.0,2.0,14.0,0.0,111.67,0.0,1.0,0,0.0,2,0,0,10.0,0,0,3,1,2
95360,0.0,4.0,2016.0,47.0,19.0,2.0,5.0,2.0,0.0,1.0,0.0,0.0,0.0,1.0,9.0,0.0,99.51,0.0,2.0,0,0.0,2,0,0,10.0,0,0,0,0,2
95524,0.0,64.0,2016.0,48.0,26.0,1.0,1.0,2.0,0.0,1.0,0.0,0.0,0.0,0.0,28.0,0.0,75.0,0.0,1.0,0,3.0,2,0,0,10.0,0,0,1,0,2
95874,0.0,50.0,2016.0,49.0,3.0,2.0,1.0,2.0,0.0,1.0,0.0,0.0,0.0,1.0,14.0,0.0,88.2,0.0,1.0,0,0.0,2,0,0,11.0,0,0,3,1,2
96226,0.0,17.0,2016.0,50.0,10.0,1.0,1.0,2.0,0.0,1.0,0.0,0.0,0.0,0.0,378.0,0.0,80.0,0.0,0.0,0,0.0,3,0,0,11.0,0,0,1,0,2
96385,0.0,59.0,2016.0,51.0,13.0,0.0,5.0,2.0,2.0,1.0,0.0,0.0,0.0,2.0,9.0,0.0,196.35,0.0,2.0,5,5.0,2,0,0,11.0,1,0,0,0,2
96720,0.0,79.0,2016.0,53.0,27.0,0.0,1.0,2.0,0.0,1.0,0.0,0.0,0.0,1.0,9.0,0.0,126.0,0.0,2.0,3,3.0,2,0,0,11.0,0,0,0,0,2
97068,0.0,84.0,2017.0,1.0,2.0,1.0,0.0,2.0,2.0,1.0,0.0,0.0,0.0,1.0,9.0,0.0,156.6,0.0,1.0,5,6.0,2,0,0,0.0,0,0,0,0,2
97143,0.0,23.0,2016.0,53.0,30.0,2.0,3.0,2.0,0.0,1.0,0.0,0.0,0.0,1.0,9.0,0.0,119.36,0.0,3.0,3,3.0,2,0,0,11.0,0,0,0,0,2
97378,0.0,146.0,2017.0,1.0,2.0,3.0,5.0,2.0,0.0,1.0,0.0,0.0,0.0,1.0,9.0,0.0,100.3,0.0,2.0,0,0.0,2,0,0,0.0,0,0,0,0,2
97418,0.0,3.0,2017.0,1.0,7.0,2.0,2.0,2.0,0.0,1.0,0.0,0.0,0.0,0.0,9.0,0.0,93.69,1.0,3.0,0,0.0,2,0,0,0.0,0,0,0,0,2
97441,0.0,2.0,2017.0,2.0,10.0,0.0,2.0,2.0,0.0,1.0,0.0,0.0,0.0,1.0,9.0,0.0,88.5,0.0,1.0,0,0.0,2,0,0,0.0,2,0,0,0,1
97451,0.0,19.0,2017.0,2.0,8.0,2.0,2.0,2.0,0.0,2.0,0.0,0.0,0.0,1.0,14.0,0.0,119.5,0.0,0.0,4,4.0,2,0,0,0.0,0,0,3,1,1
97461,0.0,41.0,2017.0,2.0,8.0,2.0,2.0,2.0,0.0,1.0,0.0,0.0,0.0,1.0,9.0,0.0,105.4,0.0,0.0,0,0.0,2,0,0,0.0,0,0,0,0,0
97492,0.0,52.0,2017.0,2.0,10.0,0.0,2.0,2.0,1.0,1.0,0.0,0.0,0.0,1.0,14.0,0.0,124.2,0.0,2.0,4,4.0,2,0,0,0.0,0,0,3,1,1
97600,0.0,9.0,2017.0,2.0,14.0,0.0,1.0,2.0,0.0,1.0,0.0,0.0,0.0,1.0,14.0,0.0,124.0,1.0,1.0,3,3.0,2,0,0,0.0,0,0,3,1,1
97665,0.0,13.0,2017.0,2.0,14.0,2.0,1.0,2.0,0.0,1.0,0.0,0.0,0.0,1.0,9.0,0.0,107.5,0.0,1.0,3,3.0,2,0,0,0.0,0,0,0,0,2
97913,0.0,60.0,2017.0,3.0,20.0,1.0,2.0,2.0,0.0,1.0,0.0,0.0,0.0,1.0,9.0,0.0,102.6,0.0,2.0,3,3.0,2,0,0,0.0,0,0,0,0,2
98464,0.0,0.0,2017.0,5.0,4.0,1.0,1.0,2.0,0.0,1.0,0.0,0.0,0.0,1.0,9.0,0.0,175.0,0.0,1.0,0,0.0,2,0,0,1.0,1,0,0,0,1
98557,0.0,126.0,2017.0,5.0,2.0,2.0,5.0,2.0,0.0,1.0,0.0,0.0,0.0,1.0,14.0,0.0,79.2,0.0,0.0,0,0.0,2,0,0,1.0,0,0,3,1,1
98561,0.0,0.0,2017.0,6.0,7.0,0.0,2.0,2.0,0.0,1.0,0.0,0.0,0.0,2.0,14.0,0.0,107.0,0.0,1.0,0,0.0,2,0,0,1.0,2,0,3,1,1
98568,0.0,18.0,2017.0,6.0,6.0,1.0,2.0,2.0,0.0,1.0,0.0,0.0,0.0,1.0,14.0,0.0,77.0,0.0,1.0,0,0.0,2,0,0,1.0,0,0,3,1,2
98624,0.0,34.0,2017.0,6.0,7.0,0.0,4.0,2.0,0.0,1.0,0.0,0.0,0.0,1.0,7.0,0.0,89.54,0.0,2.0,0,0.0,2,0,0,1.0,1,0,0,0,2
98661,0.0,21.0,2017.0,6.0,7.0,0.0,5.0,2.0,1.0,1.0,0.0,0.0,0.0,2.0,22.0,0.0,98.26,0.0,2.0,3,3.0,2,0,0,1.0,0,0,1,0,2
98716,0.0,7.0,2017.0,6.0,10.0,0.0,2.0,2.0,1.0,1.0,0.0,0.0,0.0,1.0,9.0,0.0,128.0,0.0,2.0,0,0.0,2,0,0,1.0,0,0,0,0,1
98745,0.0,10.0,2017.0,6.0,9.0,1.0,3.0,2.0,2.0,1.0,0.0,0.0,0.0,0.0,427.0,0.0,233.75,0.0,2.0,6,6.0,2,0,0,1.0,1,0,1,0,2
98780,0.0,25.0,2017.0,6.0,9.0,2.0,3.0,2.0,0.0,1.0,0.0,0.0,0.0,1.0,9.0,0.0,108.8,0.0,2.0,0,0.0,2,0,0,1.0,0,0,0,0,2
98864,0.0,15.0,2017.0,7.0,14.0,0.0,1.0,2.0,0.0,1.0,0.0,0.0,0.0,0.0,14.0,0.0,259.0,0.0,3.0,0,0.0,2,0,0,1.0,1,0,3,1,1
98997,0.0,19.0,2017.0,7.0,14.0,0.0,3.0,2.0,0.0,1.0,0.0,0.0,0.0,0.0,168.0,0.0,90.0,0.0,2.0,3,0.0,2,0,0,1.0,0,0,1,0,1
99013,0.0,32.0,2017.0,7.0,14.0,0.0,4.0,2.0,0.0,1.0,0.0,0.0,0.0,1.0,7.0,0.0,57.6,0.0,1.0,0,0.0,2,0,0,1.0,2,0,0,0,2
99043,0.0,27.0,2017.0,6.0,11.0,2.0,5.0,2.0,0.0,1.0,0.0,0.0,0.0,1.0,9.0,0.0,108.8,0.0,3.0,0,0.0,2,0,0,1.0,0,0,0,0,0
99229,0.0,142.0,2017.0,7.0,16.0,2.0,3.0,2.0,0.0,1.0,0.0,0.0,0.0,1.0,9.0,0.0,88.4,0.0,3.0,0,0.0,2,0,0,1.0,0,0,0,0,2
99283,0.0,14.0,2017.0,7.0,18.0,2.0,3.0,2.0,0.0,1.0,0.0,0.0,0.0,0.0,9.0,0.0,120.36,0.0,3.0,0,0.0,2,0,0,1.0,1,0,0,0,2
100082,0.0,127.0,2017.0,9.0,3.0,1.0,2.0,2.0,0.0,1.0,0.0,0.0,0.0,4.0,14.0,0.0,77.0,0.0,2.0,0,0.0,2,0,0,2.0,0,0,3,1,2
100101,0.0,79.0,2017.0,9.0,28.0,1.0,5.0,2.0,0.0,1.0,0.0,0.0,0.0,1.0,7.0,0.0,70.47,0.0,2.0,0,0.0,2,0,0,1.0,0,0,0,0,2
100169,0.0,35.0,2017.0,9.0,2.0,2.0,3.0,2.0,0.0,1.0,0.0,0.0,0.0,1.0,85.0,0.0,68.0,0.0,0.0,0,0.0,2,0,0,2.0,0,0,1,0,2
100276,0.0,64.0,2017.0,10.0,7.0,0.0,2.0,2.0,0.0,1.0,0.0,0.0,0.0,1.0,9.0,0.0,115.2,0.0,2.0,0,5.0,2,0,0,2.0,0,0,0,0,0
100320,0.0,90.0,2017.0,10.0,7.0,0.0,3.0,2.0,0.0,1.0,0.0,0.0,0.0,3.0,9.0,0.0,106.2,0.0,3.0,3,3.0,2,0,0,2.0,0,0,0,0,2
100759,0.0,14.0,2017.0,11.0,12.0,2.0,2.0,2.0,0.0,1.0,0.0,0.0,0.0,1.0,9.0,0.0,102.43,0.0,1.0,3,3.0,2,0,0,2.0,0,0,0,0,2
100937,0.0,13.0,2017.0,11.0,18.0,0.0,1.0,2.0,1.0,2.0,0.0,0.0,0.0,3.0,14.0,0.0,152.0,1.0,2.0,3,5.0,2,0,0,2.0,0,0,3,1,1
101056,0.0,198.0,2017.0,11.0,17.0,1.0,2.0,2.0,0.0,1.0,0.0,0.0,0.0,2.0,9.0,0.0,93.6,0.0,3.0,0,0.0,2,0,0,2.0,0,0,0,0,2
101102,0.0,59.0,2017.0,12.0,19.0,2.0,0.0,2.0,0.0,1.0,0.0,0.0,0.0,0.0,28.0,0.0,75.0,0.0,1.0,0,3.0,2,0,0,2.0,0,0,1,0,1
101827,0.0,35.0,2017.0,13.0,30.0,0.0,2.0,2.0,1.0,1.0,0.0,0.0,0.0,0.0,168.0,0.0,140.0,0.0,0.0,4,4.0,2,0,0,2.0,0,0,1,0,1
101925,0.0,7.0,2017.0,12.0,22.0,2.0,9.0,2.0,0.0,1.0,0.0,0.0,0.0,2.0,9.0,0.0,212.73,0.0,2.0,5,5.0,2,0,0,2.0,0,0,0,0,1
102442,0.0,16.0,2017.0,14.0,7.0,1.0,2.0,2.0,0.0,1.0,0.0,0.0,0.0,1.0,14.0,0.0,129.0,0.0,3.0,0,0.0,2,0,0,3.0,0,0,3,1,2
102768,0.0,76.0,2017.0,15.0,11.0,0.0,4.0,2.0,0.0,1.0,0.0,0.0,0.0,0.0,28.0,0.0,85.0,0.0,1.0,0,3.0,2,0,0,3.0,0,0,1,0,2
102861,0.0,98.0,2017.0,15.0,14.0,1.0,2.0,2.0,0.0,1.0,0.0,0.0,0.0,1.0,138.0,0.0,90.1,0.0,1.0,0,0.0,2,0,0,3.0,0,0,1,0,1
103085,0.0,57.0,2017.0,16.0,16.0,2.0,2.0,2.0,0.0,1.0,0.0,0.0,0.0,1.0,9.0,0.0,108.0,0.0,2.0,0,0.0,2,0,0,3.0,2,0,0,0,2
103646,0.0,66.0,2017.0,17.0,26.0,0.0,3.0,2.0,0.0,1.0,0.0,0.0,0.0,1.0,9.0,0.0,126.0,0.0,1.0,0,0.0,2,0,0,3.0,0,0,0,0,2
103848,0.0,17.0,2017.0,17.0,28.0,1.0,2.0,2.0,0.0,1.0,0.0,0.0,0.0,3.0,9.0,0.0,130.5,0.0,2.0,3,3.0,2,0,0,3.0,0,0,0,0,2
104714,0.0,51.0,2017.0,18.0,6.0,2.0,5.0,2.0,0.0,1.0,0.0,0.0,0.0,0.0,9.0,0.0,142.07,0.0,2.0,0,0.0,2,0,0,4.0,2,0,0,0,2
104984,0.0,52.0,2017.0,20.0,16.0,0.0,1.0,2.0,0.0,1.0,0.0,0.0,0.0,0.0,14.0,0.0,170.0,0.0,2.0,0,5.0,2,0,0,4.0,0,0,3,1,1
105132,0.0,165.0,2017.0,20.0,15.0,1.0,3.0,2.0,0.0,1.0,0.0,0.0,0.0,0.0,14.0,0.0,185.0,0.0,2.0,3,3.0,2,0,0,4.0,1,0,3,1,2
105289,0.0,30.0,2017.0,20.0,20.0,0.0,1.0,2.0,0.0,1.0,0.0,0.0,0.0,1.0,14.0,0.0,194.0,0.0,1.0,3,5.0,2,0,0,4.0,0,0,3,1,1
105292,0.0,13.0,2017.0,20.0,18.0,0.0,3.0,2.0,0.0,1.0,0.0,0.0,0.0,1.0,7.0,0.0,129.2,0.0,1.0,3,3.0,2,0,0,4.0,0,0,0,0,0
105973,0.0,127.0,2017.0,21.0,26.0,1.0,2.0,2.0,0.0,1.0,0.0,0.0,0.0,1.0,28.0,0.0,85.0,0.0,1.0,0,3.0,2,0,0,4.0,0,0,1,0,2
106291,0.0,203.0,2017.0,22.0,31.0,0.0,4.0,2.0,0.0,1.0,0.0,0.0,0.0,2.0,7.0,0.0,91.51,0.0,3.0,0,1.0,2,0,0,4.0,0,0,0,0,2
106309,0.0,25.0,2017.0,22.0,2.0,0.0,2.0,2.0,0.0,1.0,0.0,0.0,0.0,1.0,14.0,0.0,213.0,0.0,2.0,0,0.0,2,0,0,5.0,0,0,3,1,2
106407,0.0,54.0,2017.0,23.0,4.0,1.0,0.0,2.0,0.0,1.0,0.0,0.0,0.0,1.0,85.0,0.0,89.1,0.0,1.0,0,0.0,2,0,0,5.0,0,0,0,0,2
106749,0.0,30.0,2017.0,23.0,5.0,1.0,4.0,2.0,0.0,1.0,0.0,0.0,0.0,1.0,9.0,0.0,128.0,0.0,2.0,0,0.0,2,0,0,5.0,2,0,0,0,2
107383,0.0,44.0,2017.0,23.0,9.0,3.0,7.0,2.0,0.0,1.0,0.0,0.0,0.0,1.0,9.0,0.0,225.0,0.0,1.0,0,0.0,2,0,0,5.0,1,0,0,0,2
107462,0.0,135.0,2017.0,25.0,20.0,0.0,1.0,2.0,0.0,1.0,0.0,0.0,0.0,1.0,9.0,0.0,151.2,0.0,1.0,0,1.0,2,0,0,5.0,1,0,0,0,2
108171,0.0,133.0,2017.0,26.0,28.0,0.0,3.0,2.0,0.0,1.0,0.0,0.0,0.0,1.0,9.0,0.0,108.0,0.0,2.0,0,0.0,3,0,0,5.0,2,0,0,0,2
108175,0.0,133.0,2017.0,26.0,28.0,0.0,3.0,2.0,0.0,1.0,0.0,0.0,0.0,1.0,9.0,0.0,99.0,0.0,1.0,0,0.0,3,0,0,5.0,2,0,0,0,2
108275,0.0,100.0,2017.0,27.0,2.0,1.0,0.0,2.0,0.0,1.0,0.0,0.0,0.0,1.0,9.0,0.0,188.0,0.0,3.0,3,3.0,2,0,0,6.0,1,0,0,0,2
108805,0.0,237.0,2017.0,27.0,2.0,3.0,5.0,2.0,1.0,1.0,0.0,0.0,0.0,4.0,14.0,0.0,207.0,0.0,0.0,4,4.0,2,0,0,6.0,1,0,3,1,2
109121,0.0,1.0,2017.0,28.0,13.0,0.0,1.0,3.0,0.0,1.0,0.0,0.0,0.0,0.0,14.0,0.0,283.0,2.0,1.0,5,5.0,2,0,0,6.0,0,0,3,1,1
109207,0.0,233.0,2017.0,28.0,12.0,0.0,3.0,2.0,0.0,1.0,0.0,0.0,0.0,0.0,6.0,0.0,80.1,0.0,0.0,0,0.0,2,0,0,6.0,1,0,1,0,2
109531,0.0,253.0,2017.0,29.0,17.0,1.0,2.0,2.0,0.0,1.0,0.0,0.0,0.0,1.0,9.0,0.0,89.1,0.0,2.0,0,0.0,2,0,0,6.0,2,0,0,0,2
109838,0.0,89.0,2017.0,29.0,22.0,1.0,1.0,2.0,1.0,1.0,0.0,0.0,0.0,1.0,14.0,0.0,180.0,0.0,3.0,4,4.0,2,0,0,6.0,0,0,3,1,2
109862,0.0,160.0,2017.0,30.0,23.0,1.0,0.0,2.0,0.0,1.0,0.0,0.0,0.0,0.0,52.0,0.0,89.1,0.0,2.0,0,0.0,2,0,0,6.0,0,0,1,0,2
109899,0.0,11.0,2017.0,29.0,21.0,2.0,2.0,2.0,0.0,1.0,0.0,0.0,0.0,0.0,159.0,0.0,139.0,0.0,1.0,0,0.0,2,0,0,6.0,0,0,0,0,2
110241,0.0,9.0,2017.0,30.0,27.0,0.0,3.0,2.0,0.0,1.0,0.0,0.0,0.0,3.0,9.0,0.0,230.0,0.0,3.0,3,3.0,2,0,0,6.0,0,0,0,0,2
110363,0.0,167.0,2017.0,31.0,30.0,2.0,0.0,2.0,0.0,1.0,0.0,0.0,0.0,0.0,6.0,0.0,89.1,0.0,2.0,0,0.0,2,0,0,6.0,0,0,1,0,2
110639,0.0,61.0,2017.0,31.0,4.0,0.0,1.0,2.0,1.0,1.0,0.0,0.0,0.0,1.0,14.0,0.0,146.0,0.0,1.0,0,0.0,2,0,0,7.0,0,0,3,1,2
110785,0.0,127.0,2017.0,31.0,1.0,2.0,5.0,2.0,0.0,1.0,0.0,0.0,0.0,0.0,138.0,0.0,71.1,0.0,1.0,0,0.0,2,0,0,7.0,2,0,1,0,2
110808,0.0,129.0,2017.0,31.0,5.0,2.0,2.0,2.0,1.0,1.0,0.0,0.0,0.0,1.0,14.0,0.0,155.0,0.0,3.0,3,3.0,2,0,0,7.0,0,0,3,1,2
110858,0.0,169.0,2017.0,31.0,2.0,2.0,5.0,2.0,1.0,1.0,0.0,0.0,0.0,1.0,9.0,0.0,154.93,0.0,1.0,0,0.0,2,0,0,7.0,0,0,0,0,2
111058,0.0,148.0,2017.0,32.0,9.0,0.0,3.0,2.0,0.0,1.0,0.0,0.0,0.0,1.0,9.0,0.0,164.7,0.0,1.0,0,0.0,2,0,0,7.0,1,0,0,0,2
111126,0.0,132.0,2017.0,32.0,7.0,1.0,5.0,2.0,0.0,1.0,0.0,0.0,0.0,1.0,9.0,0.0,125.0,0.0,3.0,0,0.0,2,0,0,7.0,2,0,0,0,2
111252,0.0,6.0,2017.0,33.0,13.0,2.0,1.0,2.0,0.0,1.0,0.0,0.0,0.0,0.0,14.0,0.0,210.0,0.0,3.0,0,0.0,2,0,0,7.0,0,0,3,1,2
111357,0.0,288.0,2017.0,33.0,17.0,1.0,3.0,2.0,1.0,1.0,0.0,0.0,0.0,3.0,14.0,0.0,44.0,0.0,3.0,4,4.0,2,0,0,7.0,1,0,3,1,2
111365,0.0,208.0,2017.0,33.0,14.0,1.0,2.0,2.0,2.0,1.0,0.0,0.0,0.0,1.0,14.0,0.0,240.0,0.0,1.0,4,4.0,2,0,0,7.0,1,0,3,1,2
111523,0.0,28.0,2017.0,33.0,18.0,0.0,2.0,2.0,0.0,1.0,0.0,0.0,0.0,1.0,14.0,0.0,140.8,0.0,1.0,0,0.0,2,0,0,7.0,0,0,3,1,1
111671,0.0,101.0,2017.0,33.0,17.0,2.0,3.0,2.0,0.0,1.0,0.0,0.0,0.0,0.0,138.0,0.0,80.1,0.0,1.0,0,0.0,2,0,0,7.0,0,0,1,0,2
111894,0.0,109.0,2017.0,34.0,20.0,2.0,4.0,2.0,0.0,1.0,0.0,0.0,0.0,2.0,14.0,0.0,146.25,0.0,2.0,1,1.0,3,0,0,7.0,0,0,3,1,2
112198,0.0,16.0,2017.0,34.0,26.0,2.0,1.0,2.0,0.0,1.0,0.0,0.0,0.0,1.0,9.0,0.0,126.0,0.0,2.0,0,0.0,2,0,0,7.0,2,0,0,0,2
112206,0.0,0.0,2017.0,35.0,28.0,1.0,0.0,2.0,1.0,1.0,0.0,0.0,0.0,2.0,14.0,0.0,150.0,0.0,0.0,3,3.0,2,0,0,7.0,0,0,3,1,1
